module_id,module_title,lesson_id,lesson_title,role_applicability,pp_codes,federal_regulation_references,cms_cop_references,california_title22_references,achc_hh_standards,workflow_ids,form_ids,evidence_requirements,survey_criticality,risk_level,retraining_frequency,remediation_required,competency_required,evidence_generation_required,achc_mapping_confidence,regulation_mapping_confidence,mapping_review_required
Module-M01,Organization; Compliance; Workforce and IT Foundations,Module-M01-L01,"Agency mission, vision, values",RN|LVN|CNA|HHA|Admin|DON|Comp|HR|IT,,,,,,,,lesson_completion;challenge_completion;operational_debrief;competency_validation;acknowledgment_tracking;retraining_metadata;audit_timestamps,LOW,LOW,MAPPING_REVIEW_REQUIRED,false,true,true,MAPPING_REVIEW_REQUIRED,MAPPING_REVIEW_REQUIRED,true
Module-M01,Organization; Compliance; Workforce and IT Foundations,Module-M01-L02,Organizational structure and reporting lines,RN|LVN|CNA|HHA|Admin|DON|Comp|HR|IT,,,,,,,,lesson_completion;challenge_completion;operational_debrief;competency_validation;acknowledgment_tracking;retraining_metadata;audit_timestamps,LOW,LOW,MAPPING_REVIEW_REQUIRED,false,true,true,MAPPING_REVIEW_REQUIRED,MAPPING_REVIEW_REQUIRED,true
Module-M01,Organization; Compliance; Workforce and IT Foundations,Module-M01-L03,Scope of services,RN|LVN|CNA|HHA|Admin|DON|Comp|HR|IT,,,,,,,,lesson_completion;challenge_completion;operational_debrief;competency_validation;acknowledgment_tracking;retraining_metadata;audit_timestamps,LOW,LOW,MAPPING_REVIEW_REQUIRED,false,true,true,MAPPING_REVIEW_REQUIRED,MAPPING_REVIEW_REQUIRED,true
Module-M01,Organization; Compliance; Workforce and IT Foundations,Module-M01-L04,Code of conduct and ethics,RN|LVN|CNA|HHA|Admin|DON|Comp|HR|IT,,,,,,,,lesson_completion;challenge_completion;operational_debrief;competency_validation;acknowledgment_tracking;retraining_metadata;audit_timestamps,MODERATE,MODERATE,MAPPING_REVIEW_REQUIRED,true,true,true,MAPPING_REVIEW_REQUIRED,MAPPING_REVIEW_REQUIRED,true
Module-M01,Organization; Compliance; Workforce and IT Foundations,Module-M01-L05,Corporate compliance program,RN|LVN|CNA|HHA|Admin|DON|Comp|HR|IT,,,,,,,,lesson_completion;challenge_completion;operational_debrief;competency_validation;acknowledgment_tracking;retraining_metadata;audit_timestamps,MODERATE,MODERATE,MAPPING_REVIEW_REQUIRED,true,true,true,MAPPING_REVIEW_REQUIRED,MAPPING_REVIEW_REQUIRED,true
Module-M01,Organization; Compliance; Workforce and IT Foundations,Module-M01-L06,Compliance hotline and reporting,RN|LVN|CNA|HHA|Admin|DON|Comp|HR|IT,,,,,,,,lesson_completion;challenge_completion;operational_debrief;competency_validation;acknowledgment_tracking;retraining_metadata;audit_timestamps,MODERATE,MODERATE,MAPPING_REVIEW_REQUIRED,true,true,true,MAPPING_REVIEW_REQUIRED,MAPPING_REVIEW_REQUIRED,true
Module-M01,Organization; Compliance; Workforce and IT Foundations,Module-M01-L07,Non-retaliation and whistleblower protection,RN|LVN|CNA|HHA|Admin|DON|Comp|HR|IT,,,,,,,,lesson_completion;challenge_completion;operational_debrief;competency_validation;acknowledgment_tracking;retraining_metadata;audit_timestamps,MODERATE,MODERATE,MAPPING_REVIEW_REQUIRED,true,true,true,MAPPING_REVIEW_REQUIRED,MAPPING_REVIEW_REQUIRED,true
Module-M01,Organization; Compliance; Workforce and IT Foundations,Module-M01-L08,Employee grievance process,RN|LVN|CNA|HHA|Admin|DON|Comp|HR|IT,,,,,,,,lesson_completion;challenge_completion;operational_debrief;competency_validation;acknowledgment_tracking;retraining_metadata;audit_timestamps,MODERATE,MODERATE,MAPPING_REVIEW_REQUIRED,true,true,true,MAPPING_REVIEW_REQUIRED,MAPPING_REVIEW_REQUIRED,true
Module-M01,Organization; Compliance; Workforce and IT Foundations,Module-M01-L09,Disciplinary process overview,RN|LVN|CNA|HHA|Admin|DON|Comp|HR|IT,,,,,,,,lesson_completion;challenge_completion;operational_debrief;competency_validation;acknowledgment_tracking;retraining_metadata;audit_timestamps,MODERATE,MODERATE,MAPPING_REVIEW_REQUIRED,true,true,true,MAPPING_REVIEW_REQUIRED,MAPPING_REVIEW_REQUIRED,true
Module-M01,Organization; Compliance; Workforce and IT Foundations,Module-M01-L10,"Timekeeping, attendance, and visit verification",RN|LVN|CNA|HHA|Admin|DON|Comp|HR|IT,,,,,,,,lesson_completion;challenge_completion;operational_debrief;competency_validation;acknowledgment_tracking;retraining_metadata;audit_timestamps,LOW,LOW,MAPPING_REVIEW_REQUIRED,false,true,true,MAPPING_REVIEW_REQUIRED,MAPPING_REVIEW_REQUIRED,true
Module-M01,Organization; Compliance; Workforce and IT Foundations,Module-M01-L11,"IT acceptable use, email, mobile device, and social media",RN|LVN|CNA|HHA|Admin|DON|Comp|HR|IT,,,,,,,,lesson_completion;challenge_completion;operational_debrief;competency_validation;acknowledgment_tracking;retraining_metadata;audit_timestamps,LOW,LOW,MAPPING_REVIEW_REQUIRED,false,true,true,MAPPING_REVIEW_REQUIRED,MAPPING_REVIEW_REQUIRED,true
Module-M01,Organization; Compliance; Workforce and IT Foundations,Module-M01-L12,"Security awareness: passwords, phishing, device protection",RN|LVN|CNA|HHA|Admin|DON|Comp|HR|IT,,,,,,,,lesson_completion;challenge_completion;operational_debrief;competency_validation;acknowledgment_tracking;retraining_metadata;audit_timestamps,LOW,LOW,MAPPING_REVIEW_REQUIRED,false,true,true,MAPPING_REVIEW_REQUIRED,MAPPING_REVIEW_REQUIRED,true
Module-M01,Organization; Compliance; Workforce and IT Foundations,Module-M01-L13,Policy acknowledgment and training compliance expectations,RN|LVN|CNA|HHA|Admin|DON|Comp|HR|IT,,,,,,,,lesson_completion;challenge_completion;operational_debrief;competency_validation;acknowledgment_tracking;retraining_metadata;audit_timestamps,LOW,LOW,MAPPING_REVIEW_REQUIRED,false,true,true,MAPPING_REVIEW_REQUIRED,MAPPING_REVIEW_REQUIRED,true
Module-M02,Patient Rights / Responsibilities,Module-M02-L01,Patient rights and responsibilities,RN|LVN|CNA|HHA|Admin|DON|Comp|HR,,,,,,,,lesson_completion;challenge_completion;operational_debrief;competency_validation;acknowledgment_tracking;retraining_metadata;audit_timestamps,HIGH,HIGH,MAPPING_REVIEW_REQUIRED,true,true,true,MAPPING_REVIEW_REQUIRED,MAPPING_REVIEW_REQUIRED,true
Module-M02,Patient Rights / Responsibilities,Module-M02-L02,Advance directives,RN|LVN|CNA|HHA|Admin|DON|Comp|HR,,,,,,,,lesson_completion;challenge_completion;operational_debrief;competency_validation;acknowledgment_tracking;retraining_metadata;audit_timestamps,HIGH,HIGH,MAPPING_REVIEW_REQUIRED,true,true,true,MAPPING_REVIEW_REQUIRED,MAPPING_REVIEW_REQUIRED,true
Module-M02,Patient Rights / Responsibilities,Module-M02-L03,Patient complaints and grievances,RN|LVN|CNA|HHA|Admin|DON|Comp|HR,,,,,,,,lesson_completion;challenge_completion;operational_debrief;competency_validation;acknowledgment_tracking;retraining_metadata;audit_timestamps,HIGH,HIGH,MAPPING_REVIEW_REQUIRED,true,true,true,MAPPING_REVIEW_REQUIRED,MAPPING_REVIEW_REQUIRED,true
Module-M03,Ethics / Respectful Communication,Module-M03-L01,Cultural awareness and respectful care,RN|LVN|CNA|HHA|Admin|DON|Comp|HR,,,,,,,,lesson_completion;challenge_completion;operational_debrief;competency_validation;acknowledgment_tracking;retraining_metadata;audit_timestamps,LOW,LOW,MAPPING_REVIEW_REQUIRED,false,true,true,MAPPING_REVIEW_REQUIRED,MAPPING_REVIEW_REQUIRED,true
Module-M03,Ethics / Respectful Communication,Module-M03-L02,Communication barriers / interpreter use,RN|LVN|CNA|HHA|Admin|DON|Comp|HR,,,,,,,,lesson_completion;challenge_completion;operational_debrief;competency_validation;acknowledgment_tracking;retraining_metadata;audit_timestamps,LOW,LOW,MAPPING_REVIEW_REQUIRED,false,true,true,MAPPING_REVIEW_REQUIRED,MAPPING_REVIEW_REQUIRED,true
Module-M03,Ethics / Respectful Communication,Module-M03-L03,"Patient dignity, autonomy, and participation",RN|LVN|CNA|HHA|Admin|DON|Comp|HR,,,,,,,,lesson_completion;challenge_completion;operational_debrief;competency_validation;acknowledgment_tracking;retraining_metadata;audit_timestamps,LOW,LOW,MAPPING_REVIEW_REQUIRED,false,true,true,MAPPING_REVIEW_REQUIRED,MAPPING_REVIEW_REQUIRED,true
Module-M03,Ethics / Respectful Communication,Module-M03-L04,"Abuse, neglect, exploitation, and mandatory reporting",RN|LVN|CNA|HHA|Admin|DON|Comp|HR,,,,,,,,lesson_completion;challenge_completion;operational_debrief;competency_validation;acknowledgment_tracking;retraining_metadata;audit_timestamps,CRITICAL,CRITICAL,MAPPING_REVIEW_REQUIRED,true,true,true,MAPPING_REVIEW_REQUIRED,MAPPING_REVIEW_REQUIRED,true
Module-M03,Ethics / Respectful Communication,Module-M03-L05,Ethics in home health care,RN|LVN|CNA|HHA|Admin|DON|Comp|HR,,,,,,,,lesson_completion;challenge_completion;operational_debrief;competency_validation;acknowledgment_tracking;retraining_metadata;audit_timestamps,LOW,LOW,MAPPING_REVIEW_REQUIRED,false,true,true,MAPPING_REVIEW_REQUIRED,MAPPING_REVIEW_REQUIRED,true
Module-M04,HIPAA / Privacy Basics,Module-M04-L01,HIPAA privacy basics,RN|LVN|CNA|HHA|Admin|DON|Comp|HR|IT,,,,,,,,lesson_completion;challenge_completion;operational_debrief;competency_validation;acknowledgment_tracking;retraining_metadata;audit_timestamps,HIGH,HIGH,MAPPING_REVIEW_REQUIRED,true,true,true,MAPPING_REVIEW_REQUIRED,MAPPING_REVIEW_REQUIRED,true
Module-M04,HIPAA / Privacy Basics,Module-M04-L02,HIPAA security basics,RN|LVN|CNA|HHA|Admin|DON|Comp|HR|IT,,,,,,,,lesson_completion;challenge_completion;operational_debrief;competency_validation;acknowledgment_tracking;retraining_metadata;audit_timestamps,HIGH,HIGH,MAPPING_REVIEW_REQUIRED,true,true,true,MAPPING_REVIEW_REQUIRED,MAPPING_REVIEW_REQUIRED,true
Module-M04,HIPAA / Privacy Basics,Module-M04-L03,CMIA and California privacy requirements,RN|LVN|CNA|HHA|Admin|DON|Comp|HR|IT,,,,,,,,lesson_completion;challenge_completion;operational_debrief;competency_validation;acknowledgment_tracking;retraining_metadata;audit_timestamps,MODERATE,MODERATE,MAPPING_REVIEW_REQUIRED,true,true,true,MAPPING_REVIEW_REQUIRED,MAPPING_REVIEW_REQUIRED,true
Module-M04,HIPAA / Privacy Basics,Module-M04-L04,Sensitive data handling,RN|LVN|CNA|HHA|Admin|DON|Comp|HR|IT,,,,,,,,lesson_completion;challenge_completion;operational_debrief;competency_validation;acknowledgment_tracking;retraining_metadata;audit_timestamps,MODERATE,MODERATE,MAPPING_REVIEW_REQUIRED,true,true,true,MAPPING_REVIEW_REQUIRED,MAPPING_REVIEW_REQUIRED,true
Module-M04,HIPAA / Privacy Basics,Module-M04-L05,Minimum necessary rule,RN|LVN|CNA|HHA|Admin|DON|Comp|HR|IT,,,,,,,,lesson_completion;challenge_completion;operational_debrief;competency_validation;acknowledgment_tracking;retraining_metadata;audit_timestamps,MODERATE,MODERATE,MAPPING_REVIEW_REQUIRED,true,true,true,MAPPING_REVIEW_REQUIRED,MAPPING_REVIEW_REQUIRED,true
Module-M04,HIPAA / Privacy Basics,Module-M04-L06,Notice of Privacy Practices,RN|LVN|CNA|HHA|Admin|DON|Comp|HR,,,,,,,,lesson_completion;challenge_completion;operational_debrief;competency_validation;acknowledgment_tracking;retraining_metadata;audit_timestamps,MODERATE,MODERATE,MAPPING_REVIEW_REQUIRED,true,true,true,MAPPING_REVIEW_REQUIRED,MAPPING_REVIEW_REQUIRED,true
Module-M04,HIPAA / Privacy Basics,Module-M04-L07,Breach identification and reporting,RN|LVN|CNA|HHA|Admin|DON|Comp|HR|IT,,,,,,,,lesson_completion;challenge_completion;operational_debrief;competency_validation;acknowledgment_tracking;retraining_metadata;audit_timestamps,CRITICAL,CRITICAL,MAPPING_REVIEW_REQUIRED,true,true,true,MAPPING_REVIEW_REQUIRED,MAPPING_REVIEW_REQUIRED,true
Module-M05,Data Governance / PHI Controls,Module-M05-L01,Business Associate PHI handling,Admin|DON|Comp|HR|IT,,,,,,,,lesson_completion;challenge_completion;operational_debrief;competency_validation;acknowledgment_tracking;retraining_metadata;audit_timestamps,MODERATE,MODERATE,MAPPING_REVIEW_REQUIRED,true,true,true,MAPPING_REVIEW_REQUIRED,MAPPING_REVIEW_REQUIRED,true
Module-M05,Data Governance / PHI Controls,Module-M05-L02,Records retention and destruction,RN|LVN|CNA|HHA|Admin|DON|Comp|HR|IT,,,,,,,,lesson_completion;challenge_completion;operational_debrief;competency_validation;acknowledgment_tracking;retraining_metadata;audit_timestamps,MODERATE,MODERATE,MAPPING_REVIEW_REQUIRED,true,true,true,MAPPING_REVIEW_REQUIRED,MAPPING_REVIEW_REQUIRED,true
Module-M05,Data Governance / PHI Controls,Module-M05-L03,Shadow systems prohibition,RN|LVN|CNA|HHA|Admin|DON|Comp|HR|IT,,,,,,,,lesson_completion;challenge_completion;operational_debrief;competency_validation;acknowledgment_tracking;retraining_metadata;audit_timestamps,MODERATE,MODERATE,MAPPING_REVIEW_REQUIRED,true,true,true,MAPPING_REVIEW_REQUIRED,MAPPING_REVIEW_REQUIRED,true
Module-M05,Data Governance / PHI Controls,Module-M05-L04,AI and automated tools governance,RN|LVN|CNA|HHA|Admin|DON|Comp|HR|IT,,,,,,,,lesson_completion;challenge_completion;operational_debrief;competency_validation;acknowledgment_tracking;retraining_metadata;audit_timestamps,MODERATE,MODERATE,MAPPING_REVIEW_REQUIRED,true,true,true,MAPPING_REVIEW_REQUIRED,MAPPING_REVIEW_REQUIRED,true
Module-M06,"Fraud, Waste, and Abuse",Module-M06-L01,"Fraud, waste, and abuse prevention",RN|LVN|CNA|HHA|Admin|DON|Comp|HR,,,,,,,,lesson_completion;challenge_completion;operational_debrief;competency_validation;acknowledgment_tracking;retraining_metadata;audit_timestamps,HIGH,HIGH,MAPPING_REVIEW_REQUIRED,true,true,true,MAPPING_REVIEW_REQUIRED,MAPPING_REVIEW_REQUIRED,true
Module-M06,"Fraud, Waste, and Abuse",Module-M06-L02,False Claims Act,RN|LVN|CNA|HHA|Admin|DON|Comp|HR,,,,,,,,lesson_completion;challenge_completion;operational_debrief;competency_validation;acknowledgment_tracking;retraining_metadata;audit_timestamps,HIGH,HIGH,MAPPING_REVIEW_REQUIRED,true,true,true,MAPPING_REVIEW_REQUIRED,MAPPING_REVIEW_REQUIRED,true
Module-M06,"Fraud, Waste, and Abuse",Module-M06-L03,Anti-Kickback Statute and referral integrity,RN|LVN|CNA|HHA|Admin|DON|Comp|HR,,,,,,,,lesson_completion;challenge_completion;operational_debrief;competency_validation;acknowledgment_tracking;retraining_metadata;audit_timestamps,HIGH,HIGH,MAPPING_REVIEW_REQUIRED,true,true,true,MAPPING_REVIEW_REQUIRED,MAPPING_REVIEW_REQUIRED,true
Module-M06,"Fraud, Waste, and Abuse",Module-M06-L04,Documentation-to-claims alignment,RN|LVN|CNA|HHA|Admin|DON|Comp|HR,,,,,,,,lesson_completion;challenge_completion;operational_debrief;competency_validation;acknowledgment_tracking;retraining_metadata;audit_timestamps,HIGH,HIGH,MAPPING_REVIEW_REQUIRED,true,true,true,MAPPING_REVIEW_REQUIRED,MAPPING_REVIEW_REQUIRED,true
Module-M06,"Fraud, Waste, and Abuse",Module-M06-L05,Overpayment and 60-day repayment rule,RN|LVN|CNA|HHA|Admin|DON|Comp|HR,,,,,,,,lesson_completion;challenge_completion;operational_debrief;competency_validation;acknowledgment_tracking;retraining_metadata;audit_timestamps,HIGH,HIGH,MAPPING_REVIEW_REQUIRED,true,true,true,MAPPING_REVIEW_REQUIRED,MAPPING_REVIEW_REQUIRED,true
Module-M06,"Fraud, Waste, and Abuse",Module-M06-L06,Billing red flags,RN|LVN|CNA|HHA|Admin|DON|Comp|HR,,,,,,,,lesson_completion;challenge_completion;operational_debrief;competency_validation;acknowledgment_tracking;retraining_metadata;audit_timestamps,HIGH,HIGH,MAPPING_REVIEW_REQUIRED,true,true,true,MAPPING_REVIEW_REQUIRED,MAPPING_REVIEW_REQUIRED,true
Module-M06,"Fraud, Waste, and Abuse",Module-M06-L07,Exclusion screening awareness,RN|LVN|CNA|HHA|Admin|DON|Comp|HR,,,,,,,,lesson_completion;challenge_completion;operational_debrief;competency_validation;acknowledgment_tracking;retraining_metadata;audit_timestamps,HIGH,HIGH,MAPPING_REVIEW_REQUIRED,true,true,true,MAPPING_REVIEW_REQUIRED,MAPPING_REVIEW_REQUIRED,true
Module-M07,Infection Prevention / Bag Technique,Module-M07-L01,Infection prevention principles,RN|LVN|CNA|HHA|DON|Comp,,,,,,,,lesson_completion;challenge_completion;operational_debrief;competency_validation;acknowledgment_tracking;retraining_metadata;audit_timestamps,HIGH,HIGH,MAPPING_REVIEW_REQUIRED,true,true,true,MAPPING_REVIEW_REQUIRED,MAPPING_REVIEW_REQUIRED,true
Module-M07,Infection Prevention / Bag Technique,Module-M07-L02,Hand hygiene and PPE,RN|LVN|CNA|HHA|DON|Comp,,,,,,,,lesson_completion;challenge_completion;operational_debrief;competency_validation;acknowledgment_tracking;retraining_metadata;audit_timestamps,HIGH,HIGH,MAPPING_REVIEW_REQUIRED,true,true,true,MAPPING_REVIEW_REQUIRED,MAPPING_REVIEW_REQUIRED,true
Module-M07,Infection Prevention / Bag Technique,Module-M07-L03,Bag technique,RN|LVN|CNA|HHA|DON|Comp,,,,,,,,lesson_completion;challenge_completion;operational_debrief;competency_validation;acknowledgment_tracking;retraining_metadata;audit_timestamps,HIGH,HIGH,MAPPING_REVIEW_REQUIRED,true,true,true,MAPPING_REVIEW_REQUIRED,MAPPING_REVIEW_REQUIRED,true
Module-M08,Employee Health / Exposure Response,Module-M08-L01,Bloodborne pathogens,RN|LVN|CNA|HHA|Admin|DON|Comp|HR,,,,,,,,lesson_completion;challenge_completion;operational_debrief;competency_validation;acknowledgment_tracking;retraining_metadata;audit_timestamps,HIGH,HIGH,MAPPING_REVIEW_REQUIRED,true,true,true,MAPPING_REVIEW_REQUIRED,MAPPING_REVIEW_REQUIRED,true
Module-M08,Employee Health / Exposure Response,Module-M08-L02,TB screening and management,RN|LVN|CNA|HHA|Admin|DON|Comp|HR,,,,,,,,lesson_completion;challenge_completion;operational_debrief;competency_validation;acknowledgment_tracking;retraining_metadata;audit_timestamps,HIGH,HIGH,MAPPING_REVIEW_REQUIRED,true,true,true,MAPPING_REVIEW_REQUIRED,MAPPING_REVIEW_REQUIRED,true
Module-M08,Employee Health / Exposure Response,Module-M08-L03,Aerosol transmissible diseases,RN|LVN|CNA|HHA|Admin|DON|Comp|HR,,,,,,,,lesson_completion;challenge_completion;operational_debrief;competency_validation;acknowledgment_tracking;retraining_metadata;audit_timestamps,MODERATE,MODERATE,MAPPING_REVIEW_REQUIRED,true,true,true,MAPPING_REVIEW_REQUIRED,MAPPING_REVIEW_REQUIRED,true
Module-M08,Employee Health / Exposure Response,Module-M08-L04,Hepatitis B program,RN|LVN|CNA|HHA|Admin|DON|Comp|HR,,,,,,,,lesson_completion;challenge_completion;operational_debrief;competency_validation;acknowledgment_tracking;retraining_metadata;audit_timestamps,MODERATE,MODERATE,MAPPING_REVIEW_REQUIRED,true,true,true,MAPPING_REVIEW_REQUIRED,MAPPING_REVIEW_REQUIRED,true
Module-M08,Employee Health / Exposure Response,Module-M08-L05,Communicable disease reporting,RN|LVN|CNA|HHA|Admin|DON|Comp|HR,,,,,,,,lesson_completion;challenge_completion;operational_debrief;competency_validation;acknowledgment_tracking;retraining_metadata;audit_timestamps,HIGH,HIGH,MAPPING_REVIEW_REQUIRED,true,true,true,MAPPING_REVIEW_REQUIRED,MAPPING_REVIEW_REQUIRED,true
Module-M08,Employee Health / Exposure Response,Module-M08-L06,Exposure response,RN|LVN|CNA|HHA|Admin|DON|Comp|HR,,,,,,,,lesson_completion;challenge_completion;operational_debrief;competency_validation;acknowledgment_tracking;retraining_metadata;audit_timestamps,HIGH,HIGH,MAPPING_REVIEW_REQUIRED,true,true,true,MAPPING_REVIEW_REQUIRED,MAPPING_REVIEW_REQUIRED,true
Module-M08,Employee Health / Exposure Response,Module-M08-L07,Employee health clearance,RN|LVN|CNA|HHA|Admin|DON|Comp|HR,,,,,,,,lesson_completion;challenge_completion;operational_debrief;competency_validation;acknowledgment_tracking;retraining_metadata;audit_timestamps,MODERATE,MODERATE,MAPPING_REVIEW_REQUIRED,true,true,true,MAPPING_REVIEW_REQUIRED,MAPPING_REVIEW_REQUIRED,true
Module-M08,Employee Health / Exposure Response,Module-M08-L08,Return-to-work clearance,RN|LVN|CNA|HHA|Admin|DON|Comp|HR,,,,,,,,lesson_completion;challenge_completion;operational_debrief;competency_validation;acknowledgment_tracking;retraining_metadata;audit_timestamps,MODERATE,MODERATE,MAPPING_REVIEW_REQUIRED,true,true,true,MAPPING_REVIEW_REQUIRED,MAPPING_REVIEW_REQUIRED,true
Module-M09,OSHA / Workplace Safety,Module-M09-L01,Workplace safety overview,RN|LVN|CNA|HHA|Admin|DON|Comp|HR,,,,,,,,lesson_completion;challenge_completion;operational_debrief;competency_validation;acknowledgment_tracking;retraining_metadata;audit_timestamps,MODERATE,MODERATE,MAPPING_REVIEW_REQUIRED,true,true,true,MAPPING_REVIEW_REQUIRED,MAPPING_REVIEW_REQUIRED,true
Module-M09,OSHA / Workplace Safety,Module-M09-L02,Cal/OSHA IIPP (Injury and Illness Prevention Program),RN|LVN|CNA|HHA|Admin|DON|Comp|HR,,,,,,,,lesson_completion;challenge_completion;operational_debrief;competency_validation;acknowledgment_tracking;retraining_metadata;audit_timestamps,MODERATE,MODERATE,MAPPING_REVIEW_REQUIRED,true,true,true,MAPPING_REVIEW_REQUIRED,MAPPING_REVIEW_REQUIRED,true
Module-M09,OSHA / Workplace Safety,Module-M09-L03,Workplace Violence Prevention (SB 553),RN|LVN|CNA|HHA|Admin|DON|Comp|HR,,,,,,,,lesson_completion;challenge_completion;operational_debrief;competency_validation;acknowledgment_tracking;retraining_metadata;audit_timestamps,MODERATE,MODERATE,MAPPING_REVIEW_REQUIRED,true,true,true,MAPPING_REVIEW_REQUIRED,MAPPING_REVIEW_REQUIRED,true
Module-M09,OSHA / Workplace Safety,Module-M09-L04,Hazard communication and Safety Data Sheets (SDS),RN|LVN|CNA|HHA|Admin|DON|Comp|HR,,,,,,,,lesson_completion;challenge_completion;operational_debrief;competency_validation;acknowledgment_tracking;retraining_metadata;audit_timestamps,MODERATE,MODERATE,MAPPING_REVIEW_REQUIRED,true,true,true,MAPPING_REVIEW_REQUIRED,MAPPING_REVIEW_REQUIRED,true
Module-M10,Field / Visit Safety,Module-M10-L01,Safe patient handling,RN|LVN|CNA|HHA|DON|Comp,,,,,,,,lesson_completion;challenge_completion;operational_debrief;competency_validation;acknowledgment_tracking;retraining_metadata;audit_timestamps,MODERATE,MODERATE,MAPPING_REVIEW_REQUIRED,true,true,true,MAPPING_REVIEW_REQUIRED,MAPPING_REVIEW_REQUIRED,true
Module-M10,Field / Visit Safety,Module-M10-L02,Fall prevention,RN|LVN|CNA|HHA|DON|Comp,,,,,,,,lesson_completion;challenge_completion;operational_debrief;competency_validation;acknowledgment_tracking;retraining_metadata;audit_timestamps,MODERATE,MODERATE,MAPPING_REVIEW_REQUIRED,true,true,true,MAPPING_REVIEW_REQUIRED,MAPPING_REVIEW_REQUIRED,true
Module-M10,Field / Visit Safety,Module-M10-L03,Driving and field safety,RN|LVN|CNA|HHA|Admin|DON|Comp|HR,,,,,,,,lesson_completion;challenge_completion;operational_debrief;competency_validation;acknowledgment_tracking;retraining_metadata;audit_timestamps,MODERATE,MODERATE,MAPPING_REVIEW_REQUIRED,true,true,true,MAPPING_REVIEW_REQUIRED,MAPPING_REVIEW_REQUIRED,true
Module-M10,Field / Visit Safety,Module-M10-L04,Personal safety during home visits,RN|LVN|CNA|HHA|Admin|DON|Comp|HR,,,,,,,,lesson_completion;challenge_completion;operational_debrief;competency_validation;acknowledgment_tracking;retraining_metadata;audit_timestamps,MODERATE,MODERATE,MAPPING_REVIEW_REQUIRED,true,true,true,MAPPING_REVIEW_REQUIRED,MAPPING_REVIEW_REQUIRED,true
Module-M10,Field / Visit Safety,Module-M10-L05,Heat illness prevention,RN|LVN|CNA|HHA|Admin|DON|Comp|HR,,,,,,,,lesson_completion;challenge_completion;operational_debrief;competency_validation;acknowledgment_tracking;retraining_metadata;audit_timestamps,MODERATE,MODERATE,MAPPING_REVIEW_REQUIRED,true,true,true,MAPPING_REVIEW_REQUIRED,MAPPING_REVIEW_REQUIRED,true
Module-M10,Field / Visit Safety,Module-M10-L06,Workplace injury reporting,RN|LVN|CNA|HHA|Admin|DON|Comp|HR,,,,,,,,lesson_completion;challenge_completion;operational_debrief;competency_validation;acknowledgment_tracking;retraining_metadata;audit_timestamps,MODERATE,MODERATE,MAPPING_REVIEW_REQUIRED,true,true,true,MAPPING_REVIEW_REQUIRED,MAPPING_REVIEW_REQUIRED,true
Module-M10,Field / Visit Safety,Module-M10-L07,Emergency response during visits,RN|LVN|CNA|HHA|Admin|DON|Comp|HR,,,,,,,,lesson_completion;challenge_completion;operational_debrief;competency_validation;acknowledgment_tracking;retraining_metadata;audit_timestamps,HIGH,HIGH,MAPPING_REVIEW_REQUIRED,true,true,true,MAPPING_REVIEW_REQUIRED,MAPPING_REVIEW_REQUIRED,true
Module-M10,Field / Visit Safety,Module-M10-L08,Fire safety and home hazards,RN|LVN|CNA|HHA|Admin|DON|Comp|HR,,,,,,,,lesson_completion;challenge_completion;operational_debrief;competency_validation;acknowledgment_tracking;retraining_metadata;audit_timestamps,HIGH,HIGH,MAPPING_REVIEW_REQUIRED,true,true,true,MAPPING_REVIEW_REQUIRED,MAPPING_REVIEW_REQUIRED,true
Module-M11,Emergency Preparedness Core,Module-M11-L01,Emergency preparedness overview,RN|LVN|CNA|HHA|Admin|DON|Comp|HR,,,,,,,,lesson_completion;challenge_completion;operational_debrief;competency_validation;acknowledgment_tracking;retraining_metadata;audit_timestamps,HIGH,HIGH,MAPPING_REVIEW_REQUIRED,true,true,true,MAPPING_REVIEW_REQUIRED,MAPPING_REVIEW_REQUIRED,true
Module-M11,Emergency Preparedness Core,Module-M11-L02,Employee role during emergencies,RN|LVN|CNA|HHA|Admin|DON|Comp|HR,,,,,,,,lesson_completion;challenge_completion;operational_debrief;competency_validation;acknowledgment_tracking;retraining_metadata;audit_timestamps,HIGH,HIGH,MAPPING_REVIEW_REQUIRED,true,true,true,MAPPING_REVIEW_REQUIRED,MAPPING_REVIEW_REQUIRED,true
Module-M11,Emergency Preparedness Core,Module-M11-L03,Emergency communication plan,RN|LVN|CNA|HHA|Admin|DON|Comp|HR|IT,,,,,,,,lesson_completion;challenge_completion;operational_debrief;competency_validation;acknowledgment_tracking;retraining_metadata;audit_timestamps,MODERATE,MODERATE,MAPPING_REVIEW_REQUIRED,true,true,true,MAPPING_REVIEW_REQUIRED,MAPPING_REVIEW_REQUIRED,true
Module-M11,Emergency Preparedness Core,Module-M11-L04,Patient risk stratification for emergencies,RN|LVN|Admin|DON|Comp,,,,,,,,lesson_completion;challenge_completion;operational_debrief;competency_validation;acknowledgment_tracking;retraining_metadata;audit_timestamps,MODERATE,MODERATE,MAPPING_REVIEW_REQUIRED,true,true,true,MAPPING_REVIEW_REQUIRED,MAPPING_REVIEW_REQUIRED,true
Module-M11,Emergency Preparedness Core,Module-M11-L05,Continuity of operations,RN|LVN|CNA|HHA|Admin|DON|Comp|HR|IT,,,,,,,,lesson_completion;challenge_completion;operational_debrief;competency_validation;acknowledgment_tracking;retraining_metadata;audit_timestamps,MODERATE,MODERATE,MAPPING_REVIEW_REQUIRED,true,true,true,MAPPING_REVIEW_REQUIRED,MAPPING_REVIEW_REQUIRED,true
Module-M11,Emergency Preparedness Core,Module-M11-L06,Disaster documentation,RN|LVN|CNA|HHA|Admin|DON|Comp|HR,,,,,,,,lesson_completion;challenge_completion;operational_debrief;competency_validation;acknowledgment_tracking;retraining_metadata;audit_timestamps,MODERATE,MODERATE,MAPPING_REVIEW_REQUIRED,true,true,true,MAPPING_REVIEW_REQUIRED,MAPPING_REVIEW_REQUIRED,true
Module-M12,Emergency Drills,Module-M12-L01,Emergency drill participation (Drill 1),RN|LVN|CNA|HHA|Admin|DON|Comp|HR,,,,,,,,lesson_completion;challenge_completion;operational_debrief;competency_validation;acknowledgment_tracking;retraining_metadata;audit_timestamps,MODERATE,MODERATE,MAPPING_REVIEW_REQUIRED,true,true,true,MAPPING_REVIEW_REQUIRED,MAPPING_REVIEW_REQUIRED,true
Module-M12,Emergency Drills,Module-M12-L02,Emergency drill participation (Drill 2),RN|LVN|CNA|HHA|Admin|DON|Comp|HR,,,,,,,,lesson_completion;challenge_completion;operational_debrief;competency_validation;acknowledgment_tracking;retraining_metadata;audit_timestamps,MODERATE,MODERATE,MAPPING_REVIEW_REQUIRED,true,true,true,MAPPING_REVIEW_REQUIRED,MAPPING_REVIEW_REQUIRED,true
Module-M12,Emergency Drills,Module-M12-L03,Post-drill evaluation,RN|LVN|Admin|DON|Comp|HR,,,,,,,,lesson_completion;challenge_completion;operational_debrief;competency_validation;acknowledgment_tracking;retraining_metadata;audit_timestamps,MODERATE,MODERATE,MAPPING_REVIEW_REQUIRED,true,true,true,MAPPING_REVIEW_REQUIRED,MAPPING_REVIEW_REQUIRED,true
Module-M13,CMS CoP / Assessment,Module-M13-L01,CMS CoP overview,RN|LVN|CNA|HHA|Admin|DON|Comp|HR,,,,,,,,lesson_completion;challenge_completion;operational_debrief;competency_validation;acknowledgment_tracking;retraining_metadata;audit_timestamps,HIGH,HIGH,MAPPING_REVIEW_REQUIRED,true,true,true,MAPPING_REVIEW_REQUIRED,MAPPING_REVIEW_REQUIRED,true
Module-M13,CMS CoP / Assessment,Module-M13-L02,Comprehensive assessment,RN|LVN|Admin|DON|Comp,,,,,,,,lesson_completion;challenge_completion;operational_debrief;competency_validation;acknowledgment_tracking;retraining_metadata;audit_timestamps,HIGH,HIGH,MAPPING_REVIEW_REQUIRED,true,true,true,MAPPING_REVIEW_REQUIRED,MAPPING_REVIEW_REQUIRED,true
Module-M13,CMS CoP / Assessment,Module-M13-L03,OASIS accuracy,RN|LVN|Admin|DON|Comp,,,,,,,,lesson_completion;challenge_completion;operational_debrief;competency_validation;acknowledgment_tracking;retraining_metadata;audit_timestamps,CRITICAL,CRITICAL,MAPPING_REVIEW_REQUIRED,true,true,true,MAPPING_REVIEW_REQUIRED,MAPPING_REVIEW_REQUIRED,true
Module-M13,CMS CoP / Assessment,Module-M13-L04,OASIS updates and recertification,RN|LVN|Admin|DON|Comp,,,,,,,,lesson_completion;challenge_completion;operational_debrief;competency_validation;acknowledgment_tracking;retraining_metadata;audit_timestamps,HIGH,HIGH,MAPPING_REVIEW_REQUIRED,true,true,true,MAPPING_REVIEW_REQUIRED,MAPPING_REVIEW_REQUIRED,true
Module-M14,Plan of Care / Orders / Eligibility,Module-M14-L01,Plan of Care / CMS-485,RN|LVN|Admin|DON|Comp,,,,,,,,lesson_completion;challenge_completion;operational_debrief;competency_validation;acknowledgment_tracking;retraining_metadata;audit_timestamps,HIGH,HIGH,MAPPING_REVIEW_REQUIRED,true,true,true,MAPPING_REVIEW_REQUIRED,MAPPING_REVIEW_REQUIRED,true
Module-M14,Plan of Care / Orders / Eligibility,Module-M14-L02,Physician orders and verbal orders,RN|LVN|Admin|DON|Comp,,,,,,,,lesson_completion;challenge_completion;operational_debrief;competency_validation;acknowledgment_tracking;retraining_metadata;audit_timestamps,HIGH,HIGH,MAPPING_REVIEW_REQUIRED,true,true,true,MAPPING_REVIEW_REQUIRED,MAPPING_REVIEW_REQUIRED,true
Module-M14,Plan of Care / Orders / Eligibility,Module-M14-L03,Skilled need criteria,RN|LVN|Admin|DON|Comp,,,,,,,,lesson_completion;challenge_completion;operational_debrief;competency_validation;acknowledgment_tracking;retraining_metadata;audit_timestamps,HIGH,HIGH,MAPPING_REVIEW_REQUIRED,true,true,true,MAPPING_REVIEW_REQUIRED,MAPPING_REVIEW_REQUIRED,true
Module-M14,Plan of Care / Orders / Eligibility,Module-M14-L04,Homebound criteria,RN|LVN|Admin|DON|Comp,,,,,,,,lesson_completion;challenge_completion;operational_debrief;competency_validation;acknowledgment_tracking;retraining_metadata;audit_timestamps,HIGH,HIGH,MAPPING_REVIEW_REQUIRED,true,true,true,MAPPING_REVIEW_REQUIRED,MAPPING_REVIEW_REQUIRED,true
Module-M15,Care Coordination / Documentation / Discharge,Module-M15-L01,Care coordination and interdisciplinary team,RN|LVN|CNA|HHA|Admin|DON|Comp|HR,,,,,,,,lesson_completion;challenge_completion;operational_debrief;competency_validation;acknowledgment_tracking;retraining_metadata;audit_timestamps,MODERATE,MODERATE,MAPPING_REVIEW_REQUIRED,true,true,true,MAPPING_REVIEW_REQUIRED,MAPPING_REVIEW_REQUIRED,true
Module-M15,Care Coordination / Documentation / Discharge,Module-M15-L02,Visit frequency and missed visit management,RN|LVN|CNA|HHA|Admin|DON|Comp|HR,,,,,,,,lesson_completion;challenge_completion;operational_debrief;competency_validation;acknowledgment_tracking;retraining_metadata;audit_timestamps,MODERATE,MODERATE,MAPPING_REVIEW_REQUIRED,true,true,true,MAPPING_REVIEW_REQUIRED,MAPPING_REVIEW_REQUIRED,true
Module-M15,Care Coordination / Documentation / Discharge,Module-M15-L03,Clinical documentation standards,RN|LVN|CNA|HHA|Admin|DON|Comp|HR,,,,,,,,lesson_completion;challenge_completion;operational_debrief;competency_validation;acknowledgment_tracking;retraining_metadata;audit_timestamps,HIGH,HIGH,MAPPING_REVIEW_REQUIRED,true,true,true,MAPPING_REVIEW_REQUIRED,MAPPING_REVIEW_REQUIRED,true
Module-M15,Care Coordination / Documentation / Discharge,Module-M15-L04,Timeliness of documentation,RN|LVN|CNA|HHA|Admin|DON|Comp|HR,,,,,,,,lesson_completion;challenge_completion;operational_debrief;competency_validation;acknowledgment_tracking;retraining_metadata;audit_timestamps,HIGH,HIGH,MAPPING_REVIEW_REQUIRED,true,true,true,MAPPING_REVIEW_REQUIRED,MAPPING_REVIEW_REQUIRED,true
Module-M15,Care Coordination / Documentation / Discharge,Module-M15-L05,Discharge and transfer requirements,RN|LVN|CNA|HHA|Admin|DON|Comp|HR,,,,,,,,lesson_completion;challenge_completion;operational_debrief;competency_validation;acknowledgment_tracking;retraining_metadata;audit_timestamps,MODERATE,MODERATE,MAPPING_REVIEW_REQUIRED,true,true,true,MAPPING_REVIEW_REQUIRED,MAPPING_REVIEW_REQUIRED,true
Module-M15,Care Coordination / Documentation / Discharge,Module-M15-L06,Patient safety events and adverse event reporting,RN|LVN|CNA|HHA|Admin|DON|Comp|HR,,,,,,,,lesson_completion;challenge_completion;operational_debrief;competency_validation;acknowledgment_tracking;retraining_metadata;audit_timestamps,CRITICAL,CRITICAL,MAPPING_REVIEW_REQUIRED,true,true,true,MAPPING_REVIEW_REQUIRED,MAPPING_REVIEW_REQUIRED,true
Module-M16,Medication / Pain Management,Module-M16-L01,Medication management,RN|LVN|DON|Comp,,,,,,,,lesson_completion;challenge_completion;operational_debrief;competency_validation;acknowledgment_tracking;retraining_metadata;audit_timestamps,HIGH,HIGH,MAPPING_REVIEW_REQUIRED,true,true,true,MAPPING_REVIEW_REQUIRED,MAPPING_REVIEW_REQUIRED,true
Module-M16,Medication / Pain Management,Module-M16-L02,High-risk medications,RN|LVN|DON|Comp,,,,,,,,lesson_completion;challenge_completion;operational_debrief;competency_validation;acknowledgment_tracking;retraining_metadata;audit_timestamps,HIGH,HIGH,MAPPING_REVIEW_REQUIRED,true,true,true,MAPPING_REVIEW_REQUIRED,MAPPING_REVIEW_REQUIRED,true
Module-M16,Medication / Pain Management,Module-M16-L03,Pain assessment and management,RN|LVN|CNA|HHA|DON|Comp,,,,,,,,lesson_completion;challenge_completion;operational_debrief;competency_validation;acknowledgment_tracking;retraining_metadata;audit_timestamps,MODERATE,MODERATE,MAPPING_REVIEW_REQUIRED,true,true,true,MAPPING_REVIEW_REQUIRED,MAPPING_REVIEW_REQUIRED,true
Module-M17,Falls / Wounds / Infection Control,Module-M17-L01,Fall risk assessment,RN|LVN|CNA|HHA|DON|Comp,,,,,,,,lesson_completion;challenge_completion;operational_debrief;competency_validation;acknowledgment_tracking;retraining_metadata;audit_timestamps,HIGH,HIGH,MAPPING_REVIEW_REQUIRED,true,true,true,MAPPING_REVIEW_REQUIRED,MAPPING_REVIEW_REQUIRED,true
Module-M17,Falls / Wounds / Infection Control,Module-M17-L02,Wound care basics,RN|LVN|DON|Comp,,,,,,,,lesson_completion;challenge_completion;operational_debrief;competency_validation;acknowledgment_tracking;retraining_metadata;audit_timestamps,MODERATE,MODERATE,MAPPING_REVIEW_REQUIRED,true,true,true,MAPPING_REVIEW_REQUIRED,MAPPING_REVIEW_REQUIRED,true
Module-M17,Falls / Wounds / Infection Control,Module-M17-L03,Infection control practices,RN|LVN|CNA|HHA|DON|Comp,,,,,,,,lesson_completion;challenge_completion;operational_debrief;competency_validation;acknowledgment_tracking;retraining_metadata;audit_timestamps,HIGH,HIGH,MAPPING_REVIEW_REQUIRED,true,true,true,MAPPING_REVIEW_REQUIRED,MAPPING_REVIEW_REQUIRED,true
Module-M18,Patient Education / Home Risk,Module-M18-L01,Patient and caregiver education,RN|LVN|CNA|HHA|DON|Comp,,,,,,,,lesson_completion;challenge_completion;operational_debrief;competency_validation;acknowledgment_tracking;retraining_metadata;audit_timestamps,MODERATE,MODERATE,MAPPING_REVIEW_REQUIRED,true,true,true,MAPPING_REVIEW_REQUIRED,MAPPING_REVIEW_REQUIRED,true
Module-M18,Patient Education / Home Risk,Module-M18-L02,Nutrition awareness and monitoring,RN|LVN|CNA|HHA|DON|Comp,,,,,,,,lesson_completion;challenge_completion;operational_debrief;competency_validation;acknowledgment_tracking;retraining_metadata;audit_timestamps,LOW,LOW,MAPPING_REVIEW_REQUIRED,false,true,true,MAPPING_REVIEW_REQUIRED,MAPPING_REVIEW_REQUIRED,true
Module-M18,Patient Education / Home Risk,Module-M18-L03,Durable medical equipment (DME) safety,RN|LVN|CNA|HHA|DON|Comp,,,,,,,,lesson_completion;challenge_completion;operational_debrief;competency_validation;acknowledgment_tracking;retraining_metadata;audit_timestamps,LOW,LOW,MAPPING_REVIEW_REQUIRED,false,true,true,MAPPING_REVIEW_REQUIRED,MAPPING_REVIEW_REQUIRED,true
Module-M18,Patient Education / Home Risk,Module-M18-L04,Home environment risk assessment,RN|LVN|CNA|HHA|DON|Comp,,,,,,,,lesson_completion;challenge_completion;operational_debrief;competency_validation;acknowledgment_tracking;retraining_metadata;audit_timestamps,LOW,LOW,MAPPING_REVIEW_REQUIRED,false,true,true,MAPPING_REVIEW_REQUIRED,MAPPING_REVIEW_REQUIRED,true
Module-M19,HHA / CNA Role and Observation,Module-M19-L01,HHA and CNA role and scope of services,CNA|HHA|DON|Comp,,,,,,,,lesson_completion;challenge_completion;operational_debrief;competency_validation;acknowledgment_tracking;retraining_metadata;audit_timestamps,LOW,LOW,MAPPING_REVIEW_REQUIRED,false,true,true,MAPPING_REVIEW_REQUIRED,MAPPING_REVIEW_REQUIRED,true
Module-M19,HHA / CNA Role and Observation,Module-M19-L02,Communication to supervising nurse,RN|LVN|CNA|HHA|DON|Comp,,,,,,,,lesson_completion;challenge_completion;operational_debrief;competency_validation;acknowledgment_tracking;retraining_metadata;audit_timestamps,MODERATE,MODERATE,MAPPING_REVIEW_REQUIRED,true,true,true,MAPPING_REVIEW_REQUIRED,MAPPING_REVIEW_REQUIRED,true
Module-M19,HHA / CNA Role and Observation,Module-M19-L03,Observation and reporting changes in condition,RN|LVN|CNA|HHA|DON|Comp,,,,,,,,lesson_completion;challenge_completion;operational_debrief;competency_validation;acknowledgment_tracking;retraining_metadata;audit_timestamps,MODERATE,MODERATE,MAPPING_REVIEW_REQUIRED,true,true,true,MAPPING_REVIEW_REQUIRED,MAPPING_REVIEW_REQUIRED,true
Module-M19,HHA / CNA Role and Observation,Module-M19-L04,Vital signs,RN|LVN|CNA|HHA|DON|Comp,,,,,,,,lesson_completion;challenge_completion;operational_debrief;competency_validation;acknowledgment_tracking;retraining_metadata;audit_timestamps,MODERATE,MODERATE,MAPPING_REVIEW_REQUIRED,true,true,true,MAPPING_REVIEW_REQUIRED,MAPPING_REVIEW_REQUIRED,true
Module-M20,Personal Care / Safe Assistance,Module-M20-L01,"Personal care (bathing, grooming, toileting)",CNA|HHA|DON|Comp,,,,,,,,lesson_completion;challenge_completion;operational_debrief;competency_validation;acknowledgment_tracking;retraining_metadata;audit_timestamps,MODERATE,MODERATE,MAPPING_REVIEW_REQUIRED,true,true,true,MAPPING_REVIEW_REQUIRED,MAPPING_REVIEW_REQUIRED,true
Module-M20,Personal Care / Safe Assistance,Module-M20-L02,Nutrition support and meal preparation,RN|LVN|CNA|HHA|DON|Comp,,,,,,,,lesson_completion;challenge_completion;operational_debrief;competency_validation;acknowledgment_tracking;retraining_metadata;audit_timestamps,MODERATE,MODERATE,MAPPING_REVIEW_REQUIRED,true,true,true,MAPPING_REVIEW_REQUIRED,MAPPING_REVIEW_REQUIRED,true
Module-M20,Personal Care / Safe Assistance,Module-M20-L03,Safe home environment,RN|LVN|CNA|HHA|DON|Comp,,,,,,,,lesson_completion;challenge_completion;operational_debrief;competency_validation;acknowledgment_tracking;retraining_metadata;audit_timestamps,MODERATE,MODERATE,MAPPING_REVIEW_REQUIRED,true,true,true,MAPPING_REVIEW_REQUIRED,MAPPING_REVIEW_REQUIRED,true
Module-M20,Personal Care / Safe Assistance,Module-M20-L04,Range of motion and ambulation assistance,RN|LVN|CNA|HHA|DON|Comp,,,,,,,,lesson_completion;challenge_completion;operational_debrief;competency_validation;acknowledgment_tracking;retraining_metadata;audit_timestamps,MODERATE,MODERATE,MAPPING_REVIEW_REQUIRED,true,true,true,MAPPING_REVIEW_REQUIRED,MAPPING_REVIEW_REQUIRED,true
Module-M21,HHA / CNA Documentation and Supervision,Module-M21-L01,Emotional and cultural support,RN|LVN|CNA|HHA|DON|Comp,,,,,,,,lesson_completion;challenge_completion;operational_debrief;competency_validation;acknowledgment_tracking;retraining_metadata;audit_timestamps,LOW,LOW,MAPPING_REVIEW_REQUIRED,false,true,true,MAPPING_REVIEW_REQUIRED,MAPPING_REVIEW_REQUIRED,true
Module-M21,HHA / CNA Documentation and Supervision,Module-M21-L02,Care plan competencies,RN|LVN|CNA|HHA|DON|Comp,,,,,,,,lesson_completion;challenge_completion;operational_debrief;competency_validation;acknowledgment_tracking;retraining_metadata;audit_timestamps,MODERATE,MODERATE,MAPPING_REVIEW_REQUIRED,true,true,true,MAPPING_REVIEW_REQUIRED,MAPPING_REVIEW_REQUIRED,true
Module-M21,HHA / CNA Documentation and Supervision,Module-M21-L03,HHA / CNA documentation,RN|LVN|CNA|HHA|DON|Comp,,,,,,,,lesson_completion;challenge_completion;operational_debrief;competency_validation;acknowledgment_tracking;retraining_metadata;audit_timestamps,MODERATE,MODERATE,MAPPING_REVIEW_REQUIRED,true,true,true,MAPPING_REVIEW_REQUIRED,MAPPING_REVIEW_REQUIRED,true
Module-M21,HHA / CNA Documentation and Supervision,Module-M21-L04,HHA / CNA supervision expectations,RN|LVN|CNA|HHA|DON|Comp,,,,,,,,lesson_completion;challenge_completion;operational_debrief;competency_validation;acknowledgment_tracking;retraining_metadata;audit_timestamps,MODERATE,MODERATE,MAPPING_REVIEW_REQUIRED,true,true,true,MAPPING_REVIEW_REQUIRED,MAPPING_REVIEW_REQUIRED,true
Module-M22,RN / LVN Scope and Supervision,Module-M22-L01,RN assessment role and responsibilities,RN|LVN|DON|Comp,,,,,,,,lesson_completion;challenge_completion;operational_debrief;competency_validation;acknowledgment_tracking;retraining_metadata;audit_timestamps,HIGH,HIGH,MAPPING_REVIEW_REQUIRED,true,true,true,MAPPING_REVIEW_REQUIRED,MAPPING_REVIEW_REQUIRED,true
Module-M22,RN / LVN Scope and Supervision,Module-M22-L02,LVN scope of practice in home health,LVN|DON|Comp,,,,,,,,lesson_completion;challenge_completion;operational_debrief;competency_validation;acknowledgment_tracking;retraining_metadata;audit_timestamps,MODERATE,MODERATE,MAPPING_REVIEW_REQUIRED,true,true,true,MAPPING_REVIEW_REQUIRED,MAPPING_REVIEW_REQUIRED,true
Module-M22,RN / LVN Scope and Supervision,Module-M22-L03,RN supervision of licensed and unlicensed staff,RN|LVN|DON|Comp,,,,,,,,lesson_completion;challenge_completion;operational_debrief;competency_validation;acknowledgment_tracking;retraining_metadata;audit_timestamps,HIGH,HIGH,MAPPING_REVIEW_REQUIRED,true,true,true,MAPPING_REVIEW_REQUIRED,MAPPING_REVIEW_REQUIRED,true
Module-M22,RN / LVN Scope and Supervision,Module-M22-L04,Medication administration,RN|LVN|DON|Comp,,,,,,,,lesson_completion;challenge_completion;operational_debrief;competency_validation;acknowledgment_tracking;retraining_metadata;audit_timestamps,CRITICAL,CRITICAL,MAPPING_REVIEW_REQUIRED,true,true,true,MAPPING_REVIEW_REQUIRED,MAPPING_REVIEW_REQUIRED,true
Module-M23,Skilled Nursing Procedures,Module-M23-L01,Wound care and dressing changes,RN|LVN|DON|Comp,,,,,,,,lesson_completion;challenge_completion;operational_debrief;competency_validation;acknowledgment_tracking;retraining_metadata;audit_timestamps,HIGH,HIGH,MAPPING_REVIEW_REQUIRED,true,true,true,MAPPING_REVIEW_REQUIRED,MAPPING_REVIEW_REQUIRED,true
Module-M23,Skilled Nursing Procedures,Module-M23-L02,Clinical escalation and emergency response,RN|LVN|DON|Comp,,,,,,,,lesson_completion;challenge_completion;operational_debrief;competency_validation;acknowledgment_tracking;retraining_metadata;audit_timestamps,CRITICAL,CRITICAL,MAPPING_REVIEW_REQUIRED,true,true,true,MAPPING_REVIEW_REQUIRED,MAPPING_REVIEW_REQUIRED,true
Module-M23,Skilled Nursing Procedures,Module-M23-L03,Patient and family teaching documentation,RN|LVN|DON|Comp,,,,,,,,lesson_completion;challenge_completion;operational_debrief;competency_validation;acknowledgment_tracking;retraining_metadata;audit_timestamps,MODERATE,MODERATE,MAPPING_REVIEW_REQUIRED,true,true,true,MAPPING_REVIEW_REQUIRED,MAPPING_REVIEW_REQUIRED,true
Module-M24,Supervisory Visits / Skilled Documentation / Competency,Module-M24-L01,Supervisory visits,RN|LVN|DON|Comp,,,,,,,,lesson_completion;challenge_completion;operational_debrief;competency_validation;acknowledgment_tracking;retraining_metadata;audit_timestamps,HIGH,HIGH,MAPPING_REVIEW_REQUIRED,true,true,true,MAPPING_REVIEW_REQUIRED,MAPPING_REVIEW_REQUIRED,true
Module-M24,Supervisory Visits / Skilled Documentation / Competency,Module-M24-L02,Skilled nursing documentation,RN|LVN|DON|Comp,,,,,,,,lesson_completion;challenge_completion;operational_debrief;competency_validation;acknowledgment_tracking;retraining_metadata;audit_timestamps,HIGH,HIGH,MAPPING_REVIEW_REQUIRED,true,true,true,MAPPING_REVIEW_REQUIRED,MAPPING_REVIEW_REQUIRED,true
Module-M24,Supervisory Visits / Skilled Documentation / Competency,Module-M24-L03,Competency check-offs,RN|LVN|DON|Comp,,,,,,,,lesson_completion;challenge_completion;operational_debrief;competency_validation;acknowledgment_tracking;retraining_metadata;audit_timestamps,HIGH,HIGH,MAPPING_REVIEW_REQUIRED,true,true,true,MAPPING_REVIEW_REQUIRED,MAPPING_REVIEW_REQUIRED,true
Module-M25,Therapy Scope and Roles,Module-M25-L01,Therapy scope of services,DON|Comp,,,,,,,,lesson_completion;challenge_completion;operational_debrief;competency_validation;acknowledgment_tracking;retraining_metadata;audit_timestamps,LOW,LOW,MAPPING_REVIEW_REQUIRED,false,true,true,MAPPING_REVIEW_REQUIRED,MAPPING_REVIEW_REQUIRED,true
Module-M25,Therapy Scope and Roles,Module-M25-L02,Therapy care plan development,DON|Comp,,,,,,,,lesson_completion;challenge_completion;operational_debrief;competency_validation;acknowledgment_tracking;retraining_metadata;audit_timestamps,MODERATE,MODERATE,MAPPING_REVIEW_REQUIRED,true,true,true,MAPPING_REVIEW_REQUIRED,MAPPING_REVIEW_REQUIRED,true
Module-M25,Therapy Scope and Roles,Module-M25-L03,Physical therapy (PT) role,DON|Comp,,,,,,,,lesson_completion;challenge_completion;operational_debrief;competency_validation;acknowledgment_tracking;retraining_metadata;audit_timestamps,MODERATE,MODERATE,MAPPING_REVIEW_REQUIRED,true,true,true,MAPPING_REVIEW_REQUIRED,MAPPING_REVIEW_REQUIRED,true
Module-M25,Therapy Scope and Roles,Module-M25-L04,Occupational therapy (OT) role,DON|Comp,,,,,,,,lesson_completion;challenge_completion;operational_debrief;competency_validation;acknowledgment_tracking;retraining_metadata;audit_timestamps,MODERATE,MODERATE,MAPPING_REVIEW_REQUIRED,true,true,true,MAPPING_REVIEW_REQUIRED,MAPPING_REVIEW_REQUIRED,true
Module-M25,Therapy Scope and Roles,Module-M25-L05,Speech-language pathology (SLP) role,DON|Comp,,,,,,,,lesson_completion;challenge_completion;operational_debrief;competency_validation;acknowledgment_tracking;retraining_metadata;audit_timestamps,MODERATE,MODERATE,MAPPING_REVIEW_REQUIRED,true,true,true,MAPPING_REVIEW_REQUIRED,MAPPING_REVIEW_REQUIRED,true
Module-M26,Therapy Supervision / Reassessment / Documentation,Module-M26-L01,Therapy assistant supervision,DON|Comp,,,,,,,,lesson_completion;challenge_completion;operational_debrief;competency_validation;acknowledgment_tracking;retraining_metadata;audit_timestamps,MODERATE,MODERATE,MAPPING_REVIEW_REQUIRED,true,true,true,MAPPING_REVIEW_REQUIRED,MAPPING_REVIEW_REQUIRED,true
Module-M26,Therapy Supervision / Reassessment / Documentation,Module-M26-L02,Functional assessment tools,DON|Comp,,,,,,,,lesson_completion;challenge_completion;operational_debrief;competency_validation;acknowledgment_tracking;retraining_metadata;audit_timestamps,MODERATE,MODERATE,MAPPING_REVIEW_REQUIRED,true,true,true,MAPPING_REVIEW_REQUIRED,MAPPING_REVIEW_REQUIRED,true
Module-M26,Therapy Supervision / Reassessment / Documentation,Module-M26-L03,Therapy reassessment and recertification,DON|Comp,,,,,,,,lesson_completion;challenge_completion;operational_debrief;competency_validation;acknowledgment_tracking;retraining_metadata;audit_timestamps,MODERATE,MODERATE,MAPPING_REVIEW_REQUIRED,true,true,true,MAPPING_REVIEW_REQUIRED,MAPPING_REVIEW_REQUIRED,true
Module-M26,Therapy Supervision / Reassessment / Documentation,Module-M26-L04,Adaptive equipment and home modification,DON|Comp,,,,,,,,lesson_completion;challenge_completion;operational_debrief;competency_validation;acknowledgment_tracking;retraining_metadata;audit_timestamps,MODERATE,MODERATE,MAPPING_REVIEW_REQUIRED,true,true,true,MAPPING_REVIEW_REQUIRED,MAPPING_REVIEW_REQUIRED,true
Module-M26,Therapy Supervision / Reassessment / Documentation,Module-M26-L05,Therapy documentation standards,DON|Comp,,,,,,,,lesson_completion;challenge_completion;operational_debrief;competency_validation;acknowledgment_tracking;retraining_metadata;audit_timestamps,MODERATE,MODERATE,MAPPING_REVIEW_REQUIRED,true,true,true,MAPPING_REVIEW_REQUIRED,MAPPING_REVIEW_REQUIRED,true
Module-M27,Medical Social Work Assessment,Module-M27-L01,Psychosocial assessment,DON|Comp,,,,,,,,lesson_completion;challenge_completion;operational_debrief;competency_validation;acknowledgment_tracking;retraining_metadata;audit_timestamps,MODERATE,MODERATE,MAPPING_REVIEW_REQUIRED,true,true,true,MAPPING_REVIEW_REQUIRED,MAPPING_REVIEW_REQUIRED,true
Module-M27,Medical Social Work Assessment,Module-M27-L02,Social determinants of health,DON|Comp,,,,,,,,lesson_completion;challenge_completion;operational_debrief;competency_validation;acknowledgment_tracking;retraining_metadata;audit_timestamps,MODERATE,MODERATE,MAPPING_REVIEW_REQUIRED,true,true,true,MAPPING_REVIEW_REQUIRED,MAPPING_REVIEW_REQUIRED,true
Module-M27,Medical Social Work Assessment,Module-M27-L03,Advance directive counseling,DON|Comp,,,,,,,,lesson_completion;challenge_completion;operational_debrief;competency_validation;acknowledgment_tracking;retraining_metadata;audit_timestamps,MODERATE,MODERATE,MAPPING_REVIEW_REQUIRED,true,true,true,MAPPING_REVIEW_REQUIRED,MAPPING_REVIEW_REQUIRED,true
Module-M27,Medical Social Work Assessment,Module-M27-L04,Abuse reporting (MSW),DON|Comp,,,,,,,,lesson_completion;challenge_completion;operational_debrief;competency_validation;acknowledgment_tracking;retraining_metadata;audit_timestamps,HIGH,HIGH,MAPPING_REVIEW_REQUIRED,true,true,true,MAPPING_REVIEW_REQUIRED,MAPPING_REVIEW_REQUIRED,true
Module-M28,Medical Social Work Care Planning,Module-M28-L01,Discharge planning,DON|Comp,,,,,,,,lesson_completion;challenge_completion;operational_debrief;competency_validation;acknowledgment_tracking;retraining_metadata;audit_timestamps,MODERATE,MODERATE,MAPPING_REVIEW_REQUIRED,true,true,true,MAPPING_REVIEW_REQUIRED,MAPPING_REVIEW_REQUIRED,true
Module-M28,Medical Social Work Care Planning,Module-M28-L02,Plan of care contribution,DON|Comp,,,,,,,,lesson_completion;challenge_completion;operational_debrief;competency_validation;acknowledgment_tracking;retraining_metadata;audit_timestamps,MODERATE,MODERATE,MAPPING_REVIEW_REQUIRED,true,true,true,MAPPING_REVIEW_REQUIRED,MAPPING_REVIEW_REQUIRED,true
Module-M28,Medical Social Work Care Planning,Module-M28-L03,Confidentiality in social work services,DON|Comp,,,,,,,,lesson_completion;challenge_completion;operational_debrief;competency_validation;acknowledgment_tracking;retraining_metadata;audit_timestamps,MODERATE,MODERATE,MAPPING_REVIEW_REQUIRED,true,true,true,MAPPING_REVIEW_REQUIRED,MAPPING_REVIEW_REQUIRED,true
Module-M29,Intake / Eligibility / Admission Packet,Module-M29-L01,Referral intake process,Admin|DON|Comp|HR|IT,,,,,,,,lesson_completion;challenge_completion;operational_debrief;competency_validation;acknowledgment_tracking;retraining_metadata;audit_timestamps,MODERATE,MODERATE,MAPPING_REVIEW_REQUIRED,true,true,true,MAPPING_REVIEW_REQUIRED,MAPPING_REVIEW_REQUIRED,true
Module-M29,Intake / Eligibility / Admission Packet,Module-M29-L02,Eligibility verification,Admin|DON|Comp|HR|IT,,,,,,,,lesson_completion;challenge_completion;operational_debrief;competency_validation;acknowledgment_tracking;retraining_metadata;audit_timestamps,MODERATE,MODERATE,MAPPING_REVIEW_REQUIRED,true,true,true,MAPPING_REVIEW_REQUIRED,MAPPING_REVIEW_REQUIRED,true
Module-M29,Intake / Eligibility / Admission Packet,Module-M29-L03,Admission packet requirements,Admin|DON|Comp|HR|IT,,,,,,,,lesson_completion;challenge_completion;operational_debrief;competency_validation;acknowledgment_tracking;retraining_metadata;audit_timestamps,MODERATE,MODERATE,MAPPING_REVIEW_REQUIRED,true,true,true,MAPPING_REVIEW_REQUIRED,MAPPING_REVIEW_REQUIRED,true
Module-M30,Office Operations / Evidence Handling,Module-M30-L01,Scheduling compliance,Admin|DON|Comp|HR|IT,,,,,,,,lesson_completion;challenge_completion;operational_debrief;competency_validation;acknowledgment_tracking;retraining_metadata;audit_timestamps,LOW,LOW,MAPPING_REVIEW_REQUIRED,false,true,true,MAPPING_REVIEW_REQUIRED,MAPPING_REVIEW_REQUIRED,true
Module-M30,Office Operations / Evidence Handling,Module-M30-L02,Authorization tracking,Admin|DON|Comp|HR|IT,,,,,,,,lesson_completion;challenge_completion;operational_debrief;competency_validation;acknowledgment_tracking;retraining_metadata;audit_timestamps,LOW,LOW,MAPPING_REVIEW_REQUIRED,false,true,true,MAPPING_REVIEW_REQUIRED,MAPPING_REVIEW_REQUIRED,true
Module-M30,Office Operations / Evidence Handling,Module-M30-L03,Complaint routing and escalation,Admin|DON|Comp|HR|IT,,,,,,,,lesson_completion;challenge_completion;operational_debrief;competency_validation;acknowledgment_tracking;retraining_metadata;audit_timestamps,MODERATE,MODERATE,MAPPING_REVIEW_REQUIRED,true,true,true,MAPPING_REVIEW_REQUIRED,MAPPING_REVIEW_REQUIRED,true
Module-M30,Office Operations / Evidence Handling,Module-M30-L04,PHI handling — office context,Admin|DON|Comp|HR|IT,,,,,,,,lesson_completion;challenge_completion;operational_debrief;competency_validation;acknowledgment_tracking;retraining_metadata;audit_timestamps,HIGH,HIGH,MAPPING_REVIEW_REQUIRED,true,true,true,MAPPING_REVIEW_REQUIRED,MAPPING_REVIEW_REQUIRED,true
Module-M30,Office Operations / Evidence Handling,Module-M30-L05,Communication workflows,Admin|DON|Comp|HR|IT,,,,,,,,lesson_completion;challenge_completion;operational_debrief;competency_validation;acknowledgment_tracking;retraining_metadata;audit_timestamps,LOW,LOW,MAPPING_REVIEW_REQUIRED,false,true,true,MAPPING_REVIEW_REQUIRED,MAPPING_REVIEW_REQUIRED,true
Module-M30,Office Operations / Evidence Handling,Module-M30-L06,Evidence handling and document control,Admin|DON|Comp|HR|IT,,,,,,,,lesson_completion;challenge_completion;operational_debrief;competency_validation;acknowledgment_tracking;retraining_metadata;audit_timestamps,MODERATE,MODERATE,MAPPING_REVIEW_REQUIRED,true,true,true,MAPPING_REVIEW_REQUIRED,MAPPING_REVIEW_REQUIRED,true
Module-M31,QAPI Program / Committee,Module-M31-L01,QAPI program overview,RN|LVN|CNA|HHA|Admin|DON|Comp|HR,,,,,,,,lesson_completion;challenge_completion;operational_debrief;competency_validation;acknowledgment_tracking;retraining_metadata;audit_timestamps,MODERATE,MODERATE,MAPPING_REVIEW_REQUIRED,true,true,true,MAPPING_REVIEW_REQUIRED,MAPPING_REVIEW_REQUIRED,true
Module-M31,QAPI Program / Committee,Module-M31-L02,QAPI committee structure and participation,RN|LVN|Admin|DON|Comp|HR,,,,,,,,lesson_completion;challenge_completion;operational_debrief;competency_validation;acknowledgment_tracking;retraining_metadata;audit_timestamps,MODERATE,MODERATE,MAPPING_REVIEW_REQUIRED,true,true,true,MAPPING_REVIEW_REQUIRED,MAPPING_REVIEW_REQUIRED,true
Module-M31,QAPI Program / Committee,Module-M31-L03,Performance Improvement Project (PIP),RN|LVN|Admin|DON|Comp|HR,,,,,,,,lesson_completion;challenge_completion;operational_debrief;competency_validation;acknowledgment_tracking;retraining_metadata;audit_timestamps,MODERATE,MODERATE,MAPPING_REVIEW_REQUIRED,true,true,true,MAPPING_REVIEW_REQUIRED,MAPPING_REVIEW_REQUIRED,true
Module-M32,RCA / Corrective Action / Trend Monitoring,Module-M32-L01,Root cause analysis,RN|LVN|Admin|DON|Comp|HR,,,,,,,,lesson_completion;challenge_completion;operational_debrief;competency_validation;acknowledgment_tracking;retraining_metadata;audit_timestamps,MODERATE,MODERATE,MAPPING_REVIEW_REQUIRED,true,true,true,MAPPING_REVIEW_REQUIRED,MAPPING_REVIEW_REQUIRED,true
Module-M32,RCA / Corrective Action / Trend Monitoring,Module-M32-L02,Corrective action planning,RN|LVN|Admin|DON|Comp|HR,,,,,,,,lesson_completion;challenge_completion;operational_debrief;competency_validation;acknowledgment_tracking;retraining_metadata;audit_timestamps,MODERATE,MODERATE,MAPPING_REVIEW_REQUIRED,true,true,true,MAPPING_REVIEW_REQUIRED,MAPPING_REVIEW_REQUIRED,true
Module-M32,RCA / Corrective Action / Trend Monitoring,Module-M32-L03,Trend analysis and outcome monitoring,RN|LVN|Admin|DON|Comp|HR,,,,,,,,lesson_completion;challenge_completion;operational_debrief;competency_validation;acknowledgment_tracking;retraining_metadata;audit_timestamps,MODERATE,MODERATE,MAPPING_REVIEW_REQUIRED,true,true,true,MAPPING_REVIEW_REQUIRED,MAPPING_REVIEW_REQUIRED,true
Module-M33,Chart / OASIS / Patient Data Review,Module-M33-L01,Chart audits,RN|LVN|Admin|DON|Comp|HR,,,,,,,,lesson_completion;challenge_completion;operational_debrief;competency_validation;acknowledgment_tracking;retraining_metadata;audit_timestamps,HIGH,HIGH,MAPPING_REVIEW_REQUIRED,true,true,true,MAPPING_REVIEW_REQUIRED,MAPPING_REVIEW_REQUIRED,true
Module-M33,Chart / OASIS / Patient Data Review,Module-M33-L02,OASIS review and submission,RN|LVN|Admin|DON|Comp|HR,,,,,,,,lesson_completion;challenge_completion;operational_debrief;competency_validation;acknowledgment_tracking;retraining_metadata;audit_timestamps,CRITICAL,CRITICAL,MAPPING_REVIEW_REQUIRED,true,true,true,MAPPING_REVIEW_REQUIRED,MAPPING_REVIEW_REQUIRED,true
Module-M33,Chart / OASIS / Patient Data Review,Module-M33-L03,Patient satisfaction data,RN|LVN|CNA|HHA|Admin|DON|Comp|HR,,,,,,,,lesson_completion;challenge_completion;operational_debrief;competency_validation;acknowledgment_tracking;retraining_metadata;audit_timestamps,MODERATE,MODERATE,MAPPING_REVIEW_REQUIRED,true,true,true,MAPPING_REVIEW_REQUIRED,MAPPING_REVIEW_REQUIRED,true
Module-M34,Surveillance / Drill Evaluation / Audit Evidence,Module-M34-L01,Infection surveillance,RN|LVN|CNA|HHA|Admin|DON|Comp|HR,,,,,,,,lesson_completion;challenge_completion;operational_debrief;competency_validation;acknowledgment_tracking;retraining_metadata;audit_timestamps,HIGH,HIGH,MAPPING_REVIEW_REQUIRED,true,true,true,MAPPING_REVIEW_REQUIRED,MAPPING_REVIEW_REQUIRED,true
Module-M34,Surveillance / Drill Evaluation / Audit Evidence,Module-M34-L02,Drill evaluation and after-action review,RN|LVN|Admin|DON|Comp|HR,,,,,,,,lesson_completion;challenge_completion;operational_debrief;competency_validation;acknowledgment_tracking;retraining_metadata;audit_timestamps,MODERATE,MODERATE,MAPPING_REVIEW_REQUIRED,true,true,true,MAPPING_REVIEW_REQUIRED,MAPPING_REVIEW_REQUIRED,true
Module-M34,Surveillance / Drill Evaluation / Audit Evidence,Module-M34-L03,Audit evidence standards,RN|LVN|Admin|DON|Comp|HR,,,,,,,,lesson_completion;challenge_completion;operational_debrief;competency_validation;acknowledgment_tracking;retraining_metadata;audit_timestamps,HIGH,HIGH,MAPPING_REVIEW_REQUIRED,true,true,true,MAPPING_REVIEW_REQUIRED,MAPPING_REVIEW_REQUIRED,true
Module-M35,Governing Body / Administrator Accountability,Module-M35-L01,Governing body responsibilities,Admin|DON|Comp|HR,,,,,,,,lesson_completion;challenge_completion;operational_debrief;competency_validation;acknowledgment_tracking;retraining_metadata;audit_timestamps,MODERATE,MODERATE,MAPPING_REVIEW_REQUIRED,true,true,true,MAPPING_REVIEW_REQUIRED,MAPPING_REVIEW_REQUIRED,true
Module-M35,Governing Body / Administrator Accountability,Module-M35-L02,Administrator authority and accountability,Admin|DON|Comp|HR,,,,,,,,lesson_completion;challenge_completion;operational_debrief;competency_validation;acknowledgment_tracking;retraining_metadata;audit_timestamps,MODERATE,MODERATE,MAPPING_REVIEW_REQUIRED,true,true,true,MAPPING_REVIEW_REQUIRED,MAPPING_REVIEW_REQUIRED,true
Module-M36,DON / Compliance / Privacy Officer Roles,Module-M36-L01,Director of Nursing responsibilities,RN|LVN|Admin|DON|Comp,,,,,,,,lesson_completion;challenge_completion;operational_debrief;competency_validation;acknowledgment_tracking;retraining_metadata;audit_timestamps,MODERATE,MODERATE,MAPPING_REVIEW_REQUIRED,true,true,true,MAPPING_REVIEW_REQUIRED,MAPPING_REVIEW_REQUIRED,true
Module-M36,DON / Compliance / Privacy Officer Roles,Module-M36-L02,Compliance officer role and program oversight,Admin|DON|Comp|HR,,,,,,,,lesson_completion;challenge_completion;operational_debrief;competency_validation;acknowledgment_tracking;retraining_metadata;audit_timestamps,MODERATE,MODERATE,MAPPING_REVIEW_REQUIRED,true,true,true,MAPPING_REVIEW_REQUIRED,MAPPING_REVIEW_REQUIRED,true
Module-M36,DON / Compliance / Privacy Officer Roles,Module-M36-L03,Privacy officer role and responsibilities,Admin|DON|Comp|HR|IT,,,,,,,,lesson_completion;challenge_completion;operational_debrief;competency_validation;acknowledgment_tracking;retraining_metadata;audit_timestamps,HIGH,HIGH,MAPPING_REVIEW_REQUIRED,true,true,true,MAPPING_REVIEW_REQUIRED,MAPPING_REVIEW_REQUIRED,true
Module-M37,Survey Readiness / Policy / Risk Management,Module-M37-L01,Survey readiness and regulatory compliance,RN|LVN|CNA|HHA|Admin|DON|Comp|HR,,,,,,,,lesson_completion;challenge_completion;operational_debrief;competency_validation;acknowledgment_tracking;retraining_metadata;audit_timestamps,MODERATE,MODERATE,MAPPING_REVIEW_REQUIRED,true,true,true,MAPPING_REVIEW_REQUIRED,MAPPING_REVIEW_REQUIRED,true
Module-M37,Survey Readiness / Policy / Risk Management,Module-M37-L02,Policy lifecycle management,RN|LVN|Admin|DON|Comp|HR|IT,,,,,,,,lesson_completion;challenge_completion;operational_debrief;competency_validation;acknowledgment_tracking;retraining_metadata;audit_timestamps,MODERATE,MODERATE,MAPPING_REVIEW_REQUIRED,true,true,true,MAPPING_REVIEW_REQUIRED,MAPPING_REVIEW_REQUIRED,true
Module-M37,Survey Readiness / Policy / Risk Management,Module-M37-L03,Risk management program,RN|LVN|Admin|DON|Comp|HR|IT,,,,,,,,lesson_completion;challenge_completion;operational_debrief;competency_validation;acknowledgment_tracking;retraining_metadata;audit_timestamps,MODERATE,MODERATE,MAPPING_REVIEW_REQUIRED,true,true,true,MAPPING_REVIEW_REQUIRED,MAPPING_REVIEW_REQUIRED,true
Module-M38,QAPI / Clinical Supervision Leadership,Module-M38-L01,QAPI leadership responsibilities,RN|LVN|Admin|DON|Comp|HR,,,,,,,,lesson_completion;challenge_completion;operational_debrief;competency_validation;acknowledgment_tracking;retraining_metadata;audit_timestamps,MODERATE,MODERATE,MAPPING_REVIEW_REQUIRED,true,true,true,MAPPING_REVIEW_REQUIRED,MAPPING_REVIEW_REQUIRED,true
Module-M38,QAPI / Clinical Supervision Leadership,Module-M38-L02,Clinical supervision program,RN|LVN|Admin|DON|Comp,,,,,,,,lesson_completion;challenge_completion;operational_debrief;competency_validation;acknowledgment_tracking;retraining_metadata;audit_timestamps,MODERATE,MODERATE,MAPPING_REVIEW_REQUIRED,true,true,true,MAPPING_REVIEW_REQUIRED,MAPPING_REVIEW_REQUIRED,true
Module-M39,Competency / Preceptor / Emergency Leadership,Module-M39-L01,Competency program management,RN|LVN|Admin|DON|Comp|HR,,,,,,,,lesson_completion;challenge_completion;operational_debrief;competency_validation;acknowledgment_tracking;retraining_metadata;audit_timestamps,MODERATE,MODERATE,MAPPING_REVIEW_REQUIRED,true,true,true,MAPPING_REVIEW_REQUIRED,MAPPING_REVIEW_REQUIRED,true
Module-M39,Competency / Preceptor / Emergency Leadership,Module-M39-L02,Preceptor and orientation program,RN|LVN|Admin|DON|Comp|HR,,,,,,,,lesson_completion;challenge_completion;operational_debrief;competency_validation;acknowledgment_tracking;retraining_metadata;audit_timestamps,MODERATE,MODERATE,MAPPING_REVIEW_REQUIRED,true,true,true,MAPPING_REVIEW_REQUIRED,MAPPING_REVIEW_REQUIRED,true
Module-M39,Competency / Preceptor / Emergency Leadership,Module-M39-L03,Emergency management leadership,RN|LVN|Admin|DON|Comp|HR,,,,,,,,lesson_completion;challenge_completion;operational_debrief;competency_validation;acknowledgment_tracking;retraining_metadata;audit_timestamps,MODERATE,MODERATE,MAPPING_REVIEW_REQUIRED,true,true,true,MAPPING_REVIEW_REQUIRED,MAPPING_REVIEW_REQUIRED,true
Module-M40,Incident / Vendor Oversight,Module-M40-L01,Incident oversight and follow-up,RN|LVN|Admin|DON|Comp|HR,,,,,,,,lesson_completion;challenge_completion;operational_debrief;competency_validation;acknowledgment_tracking;retraining_metadata;audit_timestamps,CRITICAL,CRITICAL,MAPPING_REVIEW_REQUIRED,true,true,true,MAPPING_REVIEW_REQUIRED,MAPPING_REVIEW_REQUIRED,true
Module-M40,Incident / Vendor Oversight,Module-M40-L02,Vendor management and Business Associate oversight,Admin|DON|Comp|HR|IT,,,,,,,,lesson_completion;challenge_completion;operational_debrief;competency_validation;acknowledgment_tracking;retraining_metadata;audit_timestamps,HIGH,HIGH,MAPPING_REVIEW_REQUIRED,true,true,true,MAPPING_REVIEW_REQUIRED,MAPPING_REVIEW_REQUIRED,true
