"Scene_ID","Scene_Title","Debrief_Text","Full_Debrief","Status"
"M01-PA-D1","Pre-Assessment Debrief 1: The Nod Is Not Enough","Operational Case Review
1) Correct decision: Option B is correct because it preserves patient safety and workflow integrity under pressure.
2) Why correct: The patient is being respectful and attentive — but comprehension has not been verified.
3) Incorrect option analysis:
- Option A risk: The patient understood each instruction completely.. Looks reasonable under pressure, but creates a preventable documentation and escalation gap.
- Option C risk: The teaching session is complete and documentation can reflect successful education.. Looks reasonable under pressure, but creates a preventable documentation and escalation gap.
- Option D risk: A family member can confirm understanding at the next visit.. Looks reasonable under pressure, but creates a preventable documentation and escalation gap.
4) Patient safety implications: uncontrolled communication barriers or delayed escalation can compound into harm.
5) Workflow implications: sequence matters; right actions in the wrong order still produce risk.
6) Documentation implications: chart objective findings, what was verified, what was escalated, and who received handoff.
7) Escalation implications: trigger supervisor pathway when unresolved clinical, communication, or conduct risk remains.
8) Survey implications: ACHC/CMS reviewers focus on evidence chain, not intent.
9) Operational consequences: unresolved gaps can lead to adverse events, corrective action, and loss of trust.
10) Disciplinary/legal/defensibility: omissions and unsupported charting increase disciplinary risk and weaken legal defense.

The correct answer is B. In many cultures — including Filipino, Asian, and Latin American communities — nodding and saying yes during instruction is a gesture of respect and attentiveness, not a signal of comprehension. If you selected A or C, this module will show you exactly why assumed understanding is one of the most common pathways to patient harm in home health. If you selected D, family confirmation is not a substitute for verified comprehension at the point of teaching. If you selected B, you already think like a clinician who closes the gap between what was said and what was understood. That gap is where medication errors, missed symptoms, and safety failures live. Throughout this module, you will see Tess practice the correct alternative: teach-back, with documented results.","Operational Case Review
1) Correct decision: Option B is correct because it preserves patient safety and workflow integrity under pressure.
2) Why correct: The patient is being respectful and attentive — but comprehension has not been verified.
3) Incorrect option analysis:
- Option A risk: The patient understood each instruction completely.. Looks reasonable under pressure, but creates a preventable documentation and escalation gap.
- Option C risk: The teaching session is complete and documentation can reflect successful education.. Looks reasonable under pressure, but creates a preventable documentation and escalation gap.
- Option D risk: A family member can confirm understanding at the next visit.. Looks reasonable under pressure, but creates a preventable documentation and escalation gap.
4) Patient safety implications: uncontrolled communication barriers or delayed escalation can compound into harm.
5) Workflow implications: sequence matters; right actions in the wrong order still produce risk.
6) Documentation implications: chart objective findings, what was verified, what was escalated, and who received handoff.
7) Escalation implications: trigger supervisor pathway when unresolved clinical, communication, or conduct risk remains.
8) Survey implications: ACHC/CMS reviewers focus on evidence chain, not intent.
9) Operational consequences: unresolved gaps can lead to adverse events, corrective action, and loss of trust.
10) Disciplinary/legal/defensibility: omissions and unsupported charting increase disciplinary risk and weaken legal defense.

The correct answer is B. In many cultures — including Filipino, Asian, and Latin American communities — nodding and saying yes during instruction is a gesture of respect and attentiveness, not a signal of comprehension. If you selected A or C, this module will show you exactly why assumed understanding is one of the most common pathways to patient harm in home health. If you selected D, family confirmation is not a substitute for verified comprehension at the point of teaching. If you selected B, you already think like a clinician who closes the gap between what was said and what was understood. That gap is where medication errors, missed symptoms, and safety failures live. Throughout this module, you will see Tess practice the correct alternative: teach-back, with documented results.","NEEDS REVIEW — LTX/Detail missing"
"M01-PA-D2","Pre-Assessment Debrief 2: Family Is Not a Qualified Interpreter","Operational Case Review
1) Correct decision: Option C is correct because it preserves patient safety and workflow integrity under pressure.
2) Why correct: Thank the son and explain that a qualified interpreter will be requested for clinical teaching.
3) Incorrect option analysis:
- Option A risk: Accept the offer — family interpretation is faster and more personal for the patient.. Looks reasonable under pressure, but creates a preventable documentation and escalation gap.
- Option B risk: Accept — the patient nodded agreement when asked.. Looks reasonable under pressure, but creates a preventable documentation and escalation gap.
- Option D risk: Proceed with teaching and note in the chart that a family member assisted with interpretation.. Looks reasonable under pressure, but creates a preventable documentation and escalation gap.
4) Patient safety implications: uncontrolled communication barriers or delayed escalation can compound into harm.
5) Workflow implications: sequence matters; right actions in the wrong order still produce risk.
6) Documentation implications: chart objective findings, what was verified, what was escalated, and who received handoff.
7) Escalation implications: trigger supervisor pathway when unresolved clinical, communication, or conduct risk remains.
8) Survey implications: ACHC/CMS reviewers focus on evidence chain, not intent.
9) Operational consequences: unresolved gaps can lead to adverse events, corrective action, and loss of trust.
10) Disciplinary/legal/defensibility: omissions and unsupported charting increase disciplinary risk and weaken legal defense.

The correct answer is C. CLAS Standards and agency policy require a qualified interpreter for clinical decision-making and education — not because the son is untrustworthy, but because medical interpretation requires specific training that most family members do not have. Family members may simplify instructions to protect the patient, introduce errors in medical terminology, withhold distressing information, or be placed in an emotionally impossible position between provider and loved one. If you selected A, B, or D, this module will walk you through the full interpreter activation workflow — including what to say to families who offer to help, when to activate the service, and what to document afterward. Insulin administration is high-stakes. An incorrect dose taught through an unqualified interpreter is a preventable adverse event with documentation consequences.","Operational Case Review
1) Correct decision: Option C is correct because it preserves patient safety and workflow integrity under pressure.
2) Why correct: Thank the son and explain that a qualified interpreter will be requested for clinical teaching.
3) Incorrect option analysis:
- Option A risk: Accept the offer — family interpretation is faster and more personal for the patient.. Looks reasonable under pressure, but creates a preventable documentation and escalation gap.
- Option B risk: Accept — the patient nodded agreement when asked.. Looks reasonable under pressure, but creates a preventable documentation and escalation gap.
- Option D risk: Proceed with teaching and note in the chart that a family member assisted with interpretation.. Looks reasonable under pressure, but creates a preventable documentation and escalation gap.
4) Patient safety implications: uncontrolled communication barriers or delayed escalation can compound into harm.
5) Workflow implications: sequence matters; right actions in the wrong order still produce risk.
6) Documentation implications: chart objective findings, what was verified, what was escalated, and who received handoff.
7) Escalation implications: trigger supervisor pathway when unresolved clinical, communication, or conduct risk remains.
8) Survey implications: ACHC/CMS reviewers focus on evidence chain, not intent.
9) Operational consequences: unresolved gaps can lead to adverse events, corrective action, and loss of trust.
10) Disciplinary/legal/defensibility: omissions and unsupported charting increase disciplinary risk and weaken legal defense.

The correct answer is C. CLAS Standards and agency policy require a qualified interpreter for clinical decision-making and education — not because the son is untrustworthy, but because medical interpretation requires specific training that most family members do not have. Family members may simplify instructions to protect the patient, introduce errors in medical terminology, withhold distressing information, or be placed in an emotionally impossible position between provider and loved one. If you selected A, B, or D, this module will walk you through the full interpreter activation workflow — including what to say to families who offer to help, when to activate the service, and what to document afterward. Insulin administration is high-stakes. An incorrect dose taught through an unqualified interpreter is a preventable adverse event with documentation consequences.","NEEDS REVIEW — LTX/Detail missing"
"M01-PA-D3","Pre-Assessment Debrief 3: Rights and Urgency Travel Together","Operational Case Review
1) Correct decision: Option B is correct because it preserves patient safety and workflow integrity under pressure.
2) Why correct: Acknowledge the request, assess wound urgency immediately, contact your supervisor for accommodation options, and document both.
3) Incorrect option analysis:
- Option A risk: Explain respectfully that clinical urgency takes priority over accommodation requests in this situation.. Looks reasonable under pressure, but creates a preventable documentation and escalation gap.
- Option C risk: Ask the patient to sign a temporary waiver so care can proceed.. Looks reasonable under pressure, but creates a preventable documentation and escalation gap.
- Option D risk: Leave the home and schedule a callback for when an appropriate clinician is available — without assessing the wound.. Looks reasonable under pressure, but creates a preventable documentation and escalation gap.
4) Patient safety implications: uncontrolled communication barriers or delayed escalation can compound into harm.
5) Workflow implications: sequence matters; right actions in the wrong order still produce risk.
6) Documentation implications: chart objective findings, what was verified, what was escalated, and who received handoff.
7) Escalation implications: trigger supervisor pathway when unresolved clinical, communication, or conduct risk remains.
8) Survey implications: ACHC/CMS reviewers focus on evidence chain, not intent.
9) Operational consequences: unresolved gaps can lead to adverse events, corrective action, and loss of trust.
10) Disciplinary/legal/defensibility: omissions and unsupported charting increase disciplinary risk and weaken legal defense.

The correct answer is B. Patient rights and dignity are not suspended when clinical urgency is present. The defensible response holds both obligations simultaneously — you do not choose one and abandon the other. You acknowledge the accommodation request. You assess clinical urgency immediately at the bedside. You escalate to your supervisor for accommodation routing. You document the preference, your clinical findings, and the plan. Option A is wrong because it unilaterally overrides a legitimate right without attempting an accommodation process — this creates survey exposure and trust rupture. Option C is wrong because a waiver form before a clinical urgency assessment inverts the correct sequence. Option D abandons the patient at the moment of highest clinical risk with no urgency finding on record. If you selected B, you already understand the principle this module will reinforce through Tess' story. If you selected anything else, you will see exactly how this decision plays out — and why the correct sequence matters — when Tess faces it for the first time at Mr. Henderson's door.","Operational Case Review
1) Correct decision: Option B is correct because it preserves patient safety and workflow integrity under pressure.
2) Why correct: Acknowledge the request, assess wound urgency immediately, contact your supervisor for accommodation options, and document both.
3) Incorrect option analysis:
- Option A risk: Explain respectfully that clinical urgency takes priority over accommodation requests in this situation.. Looks reasonable under pressure, but creates a preventable documentation and escalation gap.
- Option C risk: Ask the patient to sign a temporary waiver so care can proceed.. Looks reasonable under pressure, but creates a preventable documentation and escalation gap.
- Option D risk: Leave the home and schedule a callback for when an appropriate clinician is available — without assessing the wound.. Looks reasonable under pressure, but creates a preventable documentation and escalation gap.
4) Patient safety implications: uncontrolled communication barriers or delayed escalation can compound into harm.
5) Workflow implications: sequence matters; right actions in the wrong order still produce risk.
6) Documentation implications: chart objective findings, what was verified, what was escalated, and who received handoff.
7) Escalation implications: trigger supervisor pathway when unresolved clinical, communication, or conduct risk remains.
8) Survey implications: ACHC/CMS reviewers focus on evidence chain, not intent.
9) Operational consequences: unresolved gaps can lead to adverse events, corrective action, and loss of trust.
10) Disciplinary/legal/defensibility: omissions and unsupported charting increase disciplinary risk and weaken legal defense.

The correct answer is B. Patient rights and dignity are not suspended when clinical urgency is present. The defensible response holds both obligations simultaneously — you do not choose one and abandon the other. You acknowledge the accommodation request. You assess clinical urgency immediately at the bedside. You escalate to your supervisor for accommodation routing. You document the preference, your clinical findings, and the plan. Option A is wrong because it unilaterally overrides a legitimate right without attempting an accommodation process — this creates survey exposure and trust rupture. Option C is wrong because a waiver form before a clinical urgency assessment inverts the correct sequence. Option D abandons the patient at the moment of highest clinical risk with no urgency finding on record. If you selected B, you already understand the principle this module will reinforce through Tess' story. If you selected anything else, you will see exactly how this decision plays out — and why the correct sequence matters — when Tess faces it for the first time at Mr. Henderson's door.","NEEDS REVIEW — LTX/Detail missing"
"M01-S18-D","Challenge 1 Debrief: Rights and Urgency Are Not a Choice","Operational Case Review
1) Correct decision: Option A is correct because it preserves patient safety and workflow integrity under pressure.
2) Why correct: Acknowledge the family's request, rapidly assess wound urgency at the bedside, call the supervisor immediately for accommodation routing, and document both the preference and the clinical findings.
3) Incorrect option analysis:
- Option B risk: Respect the family's preference completely by leaving the home and messaging the office to reschedule with a different clinician.. Looks reasonable under pressure, but creates a preventable documentation and escalation gap.
- Option C risk: Proceed with wound care because clinical urgency overrides accommodation requests when deterioration is present.. Looks reasonable under pressure, but creates a preventable documentation and escalation gap.
- Option D risk: Ask the family to sign a refusal form first, then determine next steps based on available staffing.. Looks reasonable under pressure, but creates a preventable documentation and escalation gap.
4) Patient safety implications: uncontrolled communication barriers or delayed escalation can compound into harm.
5) Workflow implications: sequence matters; right actions in the wrong order still produce risk.
6) Documentation implications: chart objective findings, what was verified, what was escalated, and who received handoff.
7) Escalation implications: trigger supervisor pathway when unresolved clinical, communication, or conduct risk remains.
8) Survey implications: ACHC/CMS reviewers focus on evidence chain, not intent.
9) Operational consequences: unresolved gaps can lead to adverse events, corrective action, and loss of trust.
10) Disciplinary/legal/defensibility: omissions and unsupported charting increase disciplinary risk and weaken legal defense.

The correct answer is A. In home health, you will face moments where two legitimate obligations pull in opposite directions. The defensible response is never to choose one and abandon the other. Option A is correct because it holds both simultaneously — urgency assessment at bedside, supervisor escalation for accommodation routing, and complete documentation of the preference, the clinical findings, and the plan. Option B abandons the patient at the moment of highest clinical risk. A wound deteriorating with no assessment on record is a patient safety failure, regardless of how respectful the departure was. Option C overrides an accommodation process the patient has a legal right to access. Proceeding without attempting accommodation — even in clinical urgency — creates survey exposure and trust rupture. Documentation that appears to override rights without process is a compliance liability. Option D inverts the correct sequence. Paperwork before urgency assessment is a workflow error with direct patient harm potential. The rule that holds across every challenge in this module: assess urgency first, escalate immediately, document both the preference and the clinical findings, and let your supervisor route the solution. You do not carry the accommodation decision alone. That is what escalation is for.","Operational Case Review
1) Correct decision: Option A is correct because it preserves patient safety and workflow integrity under pressure.
2) Why correct: Acknowledge the family's request, rapidly assess wound urgency at the bedside, call the supervisor immediately for accommodation routing, and document both the preference and the clinical findings.
3) Incorrect option analysis:
- Option B risk: Respect the family's preference completely by leaving the home and messaging the office to reschedule with a different clinician.. Looks reasonable under pressure, but creates a preventable documentation and escalation gap.
- Option C risk: Proceed with wound care because clinical urgency overrides accommodation requests when deterioration is present.. Looks reasonable under pressure, but creates a preventable documentation and escalation gap.
- Option D risk: Ask the family to sign a refusal form first, then determine next steps based on available staffing.. Looks reasonable under pressure, but creates a preventable documentation and escalation gap.
4) Patient safety implications: uncontrolled communication barriers or delayed escalation can compound into harm.
5) Workflow implications: sequence matters; right actions in the wrong order still produce risk.
6) Documentation implications: chart objective findings, what was verified, what was escalated, and who received handoff.
7) Escalation implications: trigger supervisor pathway when unresolved clinical, communication, or conduct risk remains.
8) Survey implications: ACHC/CMS reviewers focus on evidence chain, not intent.
9) Operational consequences: unresolved gaps can lead to adverse events, corrective action, and loss of trust.
10) Disciplinary/legal/defensibility: omissions and unsupported charting increase disciplinary risk and weaken legal defense.

The correct answer is A. In home health, you will face moments where two legitimate obligations pull in opposite directions. The defensible response is never to choose one and abandon the other. Option A is correct because it holds both simultaneously — urgency assessment at bedside, supervisor escalation for accommodation routing, and complete documentation of the preference, the clinical findings, and the plan. Option B abandons the patient at the moment of highest clinical risk. A wound deteriorating with no assessment on record is a patient safety failure, regardless of how respectful the departure was. Option C overrides an accommodation process the patient has a legal right to access. Proceeding without attempting accommodation — even in clinical urgency — creates survey exposure and trust rupture. Documentation that appears to override rights without process is a compliance liability. Option D inverts the correct sequence. Paperwork before urgency assessment is a workflow error with direct patient harm potential. The rule that holds across every challenge in this module: assess urgency first, escalate immediately, document both the preference and the clinical findings, and let your supervisor route the solution. You do not carry the accommodation decision alone. That is what escalation is for.","NEEDS REVIEW — LTX/Detail missing"
"M01-S22-D","Challenge 2 Debrief: Interpreter Workflow Is a Safety Control","Operational Case Review
1) Correct decision: Option B is correct because it preserves patient safety and workflow integrity under pressure.
2) Why correct: Thank the daughter for offering, pause education, activate the qualified agency interpreter, perform teach-back, and document the barrier, interpreter ID, and patient response.
3) Incorrect option analysis:
- Option A risk: Accept the family's offer and proceed with insulin teaching, then document education as completed.. Looks reasonable under pressure, but creates a preventable documentation and escalation gap.
- Option C risk: Deliver the core teaching points now with the daughter interpreting, and schedule a qualified interpreter for the next visit to reinforce.. Looks reasonable under pressure, but creates a preventable documentation and escalation gap.
- Option D risk: Ask the patient to sign a written understanding statement now, then follow up with a qualified interpreter at a future visit.. Looks reasonable under pressure, but creates a preventable documentation and escalation gap.
4) Patient safety implications: uncontrolled communication barriers or delayed escalation can compound into harm.
5) Workflow implications: sequence matters; right actions in the wrong order still produce risk.
6) Documentation implications: chart objective findings, what was verified, what was escalated, and who received handoff.
7) Escalation implications: trigger supervisor pathway when unresolved clinical, communication, or conduct risk remains.
8) Survey implications: ACHC/CMS reviewers focus on evidence chain, not intent.
9) Operational consequences: unresolved gaps can lead to adverse events, corrective action, and loss of trust.
10) Disciplinary/legal/defensibility: omissions and unsupported charting increase disciplinary risk and weaken legal defense.

The correct answer is B. Option A fails the language access standard for clinical teaching and creates a documentation problem. A note saying education completed when comprehension was never verified is not defensible during a survey review — and it is not safe for the patient. Option C creates a fragmented education record. The most dangerous teaching is teaching that was partially delivered before the communication barrier was controlled. A patient who heard half an explanation and remembered pieces of it is more hazardous than a patient who received no teaching yet. Option D substitutes a signature for comprehension. A signature is not evidence of understanding. It is a form. Option B is correct because it controls the communication barrier before education begins, uses a qualified interpreter who meets the professional standard for clinical accuracy, performs teach-back to verify what was understood, and documents the barrier, the interpreter ID, the method, and the patient's demonstrated comprehension. That chain is what ACHC surveyors will look for. It is also what protects the patient from an insulin dosing error that begins with an assumption.","Operational Case Review
1) Correct decision: Option B is correct because it preserves patient safety and workflow integrity under pressure.
2) Why correct: Thank the daughter for offering, pause education, activate the qualified agency interpreter, perform teach-back, and document the barrier, interpreter ID, and patient response.
3) Incorrect option analysis:
- Option A risk: Accept the family's offer and proceed with insulin teaching, then document education as completed.. Looks reasonable under pressure, but creates a preventable documentation and escalation gap.
- Option C risk: Deliver the core teaching points now with the daughter interpreting, and schedule a qualified interpreter for the next visit to reinforce.. Looks reasonable under pressure, but creates a preventable documentation and escalation gap.
- Option D risk: Ask the patient to sign a written understanding statement now, then follow up with a qualified interpreter at a future visit.. Looks reasonable under pressure, but creates a preventable documentation and escalation gap.
4) Patient safety implications: uncontrolled communication barriers or delayed escalation can compound into harm.
5) Workflow implications: sequence matters; right actions in the wrong order still produce risk.
6) Documentation implications: chart objective findings, what was verified, what was escalated, and who received handoff.
7) Escalation implications: trigger supervisor pathway when unresolved clinical, communication, or conduct risk remains.
8) Survey implications: ACHC/CMS reviewers focus on evidence chain, not intent.
9) Operational consequences: unresolved gaps can lead to adverse events, corrective action, and loss of trust.
10) Disciplinary/legal/defensibility: omissions and unsupported charting increase disciplinary risk and weaken legal defense.

The correct answer is B. Option A fails the language access standard for clinical teaching and creates a documentation problem. A note saying education completed when comprehension was never verified is not defensible during a survey review — and it is not safe for the patient. Option C creates a fragmented education record. The most dangerous teaching is teaching that was partially delivered before the communication barrier was controlled. A patient who heard half an explanation and remembered pieces of it is more hazardous than a patient who received no teaching yet. Option D substitutes a signature for comprehension. A signature is not evidence of understanding. It is a form. Option B is correct because it controls the communication barrier before education begins, uses a qualified interpreter who meets the professional standard for clinical accuracy, performs teach-back to verify what was understood, and documents the barrier, the interpreter ID, the method, and the patient's demonstrated comprehension. That chain is what ACHC surveyors will look for. It is also what protects the patient from an insulin dosing error that begins with an assumption.","NEEDS REVIEW — LTX/Detail missing"
"M01-S25-D","Challenge 3 Debrief: Professional Correction Is Mandatory","Operational Case Review
1) Correct decision: Option A is correct because it preserves patient safety and workflow integrity under pressure.
2) Why correct: Calmly address the behavior in the moment, then submit a formal report to the supervisor with the exact behavior, witnesses, time, location, and an anti-retaliation request.
3) Incorrect option analysis:
- Option B risk: Wait until after shift and report it to HR the following morning to avoid making the situation worse right now.. Looks reasonable under pressure, but creates a preventable documentation and escalation gap.
- Option C risk: Confront the coworker loudly in the break room to make clear the behavior is unacceptable.. Looks reasonable under pressure, but creates a preventable documentation and escalation gap.
- Option D risk: Focus on patient care and avoid getting involved in personnel issues — the workplace environment is not her responsibility to correct.. Looks reasonable under pressure, but creates a preventable documentation and escalation gap.
4) Patient safety implications: uncontrolled communication barriers or delayed escalation can compound into harm.
5) Workflow implications: sequence matters; right actions in the wrong order still produce risk.
6) Documentation implications: chart objective findings, what was verified, what was escalated, and who received handoff.
7) Escalation implications: trigger supervisor pathway when unresolved clinical, communication, or conduct risk remains.
8) Survey implications: ACHC/CMS reviewers focus on evidence chain, not intent.
9) Operational consequences: unresolved gaps can lead to adverse events, corrective action, and loss of trust.
10) Disciplinary/legal/defensibility: omissions and unsupported charting increase disciplinary risk and weaken legal defense.

The correct answer is A. Option A is correct because it does two things at once: it stops the behavior in real time and it creates a defensible formal record. Calm, direct, in-the-moment correction is not aggression — it is professionalism applied at the right moment. The formal report with objective behavioral detail is what makes the correction traceable, investigable, and protected from retaliation. Option B delays correction and weakens the record. Memory fades overnight. Witnesses may not recall details the next morning. The behavior continues in the gap. Option C is incorrect because aggressive confrontation creates a second conduct issue and muddies the reporting process. When an incident becomes a dual-conduct conflict, the original behavior becomes harder to address cleanly. Option D is the most dangerous answer. Silence normalizes exclusion behavior. Workforce disrespect compounds over time — it erodes team trust, impairs communication safety, and eventually touches patient care. The correct standard in an ACHC-accredited agency: see it, address it, document it, escalate it. Anti-retaliation protections exist specifically so that staff can report without fear. Using them is not weakness — it is the job.","Operational Case Review
1) Correct decision: Option A is correct because it preserves patient safety and workflow integrity under pressure.
2) Why correct: Calmly address the behavior in the moment, then submit a formal report to the supervisor with the exact behavior, witnesses, time, location, and an anti-retaliation request.
3) Incorrect option analysis:
- Option B risk: Wait until after shift and report it to HR the following morning to avoid making the situation worse right now.. Looks reasonable under pressure, but creates a preventable documentation and escalation gap.
- Option C risk: Confront the coworker loudly in the break room to make clear the behavior is unacceptable.. Looks reasonable under pressure, but creates a preventable documentation and escalation gap.
- Option D risk: Focus on patient care and avoid getting involved in personnel issues — the workplace environment is not her responsibility to correct.. Looks reasonable under pressure, but creates a preventable documentation and escalation gap.
4) Patient safety implications: uncontrolled communication barriers or delayed escalation can compound into harm.
5) Workflow implications: sequence matters; right actions in the wrong order still produce risk.
6) Documentation implications: chart objective findings, what was verified, what was escalated, and who received handoff.
7) Escalation implications: trigger supervisor pathway when unresolved clinical, communication, or conduct risk remains.
8) Survey implications: ACHC/CMS reviewers focus on evidence chain, not intent.
9) Operational consequences: unresolved gaps can lead to adverse events, corrective action, and loss of trust.
10) Disciplinary/legal/defensibility: omissions and unsupported charting increase disciplinary risk and weaken legal defense.

The correct answer is A. Option A is correct because it does two things at once: it stops the behavior in real time and it creates a defensible formal record. Calm, direct, in-the-moment correction is not aggression — it is professionalism applied at the right moment. The formal report with objective behavioral detail is what makes the correction traceable, investigable, and protected from retaliation. Option B delays correction and weakens the record. Memory fades overnight. Witnesses may not recall details the next morning. The behavior continues in the gap. Option C is incorrect because aggressive confrontation creates a second conduct issue and muddies the reporting process. When an incident becomes a dual-conduct conflict, the original behavior becomes harder to address cleanly. Option D is the most dangerous answer. Silence normalizes exclusion behavior. Workforce disrespect compounds over time — it erodes team trust, impairs communication safety, and eventually touches patient care. The correct standard in an ACHC-accredited agency: see it, address it, document it, escalate it. Anti-retaliation protections exist specifically so that staff can report without fear. Using them is not weakness — it is the job.","NEEDS REVIEW — LTX/Detail missing"
"M01-S28-D","Challenge 4 Debrief: Defensible Correction Has a Sequence","Operational Case Review
1) Correct decision: Option A is correct because it preserves patient safety and workflow integrity under pressure.
2) Why correct: Create a late-entry addendum for each record with a timestamp, objective detail including cultural preference and interpreter information, and notify the supervisor about the pattern.
3) Incorrect option analysis:
- Option B risk: Go back into the original note text and rewrite it to include the missing information so the record appears complete and consistent.. Looks reasonable under pressure, but creates a preventable documentation and escalation gap.
- Option C risk: Add a brief note at the end of each record saying 'patient understands' and move forward.. Looks reasonable under pressure, but creates a preventable documentation and escalation gap.
- Option D risk: Leave both records as they are and document the missing information fully at the next visit.. Looks reasonable under pressure, but creates a preventable documentation and escalation gap.
4) Patient safety implications: uncontrolled communication barriers or delayed escalation can compound into harm.
5) Workflow implications: sequence matters; right actions in the wrong order still produce risk.
6) Documentation implications: chart objective findings, what was verified, what was escalated, and who received handoff.
7) Escalation implications: trigger supervisor pathway when unresolved clinical, communication, or conduct risk remains.
8) Survey implications: ACHC/CMS reviewers focus on evidence chain, not intent.
9) Operational consequences: unresolved gaps can lead to adverse events, corrective action, and loss of trust.
10) Disciplinary/legal/defensibility: omissions and unsupported charting increase disciplinary risk and weaken legal defense.

The correct answer is A. Option B is the most dangerous answer in this challenge. Going back into the original note and rewriting it is record alteration. It destroys chronological integrity, creates legal exposure, and in a survey context can constitute falsification. If an auditor or surveyor compares electronic metadata with note content and finds they do not align, the consequences extend far beyond the two missing fields. Option C is the most common wrong answer — not because it is aggressive, but because it is vague. Patient understands is not a clinical finding. It is an assertion. It tells no one what was taught, how understanding was verified, what the patient demonstrated back, or what still needs reinforcement. Option D delays correction into a different visit with a different clinical context, leaving the existing gap open and the care team acting on incomplete information in the meantime. Option A is correct because it does three things: it preserves record integrity by creating a transparent late-entry with a timestamp, it adds objective clinical detail that actually means something to the next clinician reading the chart, and it escalates the pattern to a supervisor and QA so the workflow gap can be corrected at the system level. Defensible documentation is not about length. It is about specificity, objectivity, completeness, and correct sequence.","Operational Case Review
1) Correct decision: Option A is correct because it preserves patient safety and workflow integrity under pressure.
2) Why correct: Create a late-entry addendum for each record with a timestamp, objective detail including cultural preference and interpreter information, and notify the supervisor about the pattern.
3) Incorrect option analysis:
- Option B risk: Go back into the original note text and rewrite it to include the missing information so the record appears complete and consistent.. Looks reasonable under pressure, but creates a preventable documentation and escalation gap.
- Option C risk: Add a brief note at the end of each record saying 'patient understands' and move forward.. Looks reasonable under pressure, but creates a preventable documentation and escalation gap.
- Option D risk: Leave both records as they are and document the missing information fully at the next visit.. Looks reasonable under pressure, but creates a preventable documentation and escalation gap.
4) Patient safety implications: uncontrolled communication barriers or delayed escalation can compound into harm.
5) Workflow implications: sequence matters; right actions in the wrong order still produce risk.
6) Documentation implications: chart objective findings, what was verified, what was escalated, and who received handoff.
7) Escalation implications: trigger supervisor pathway when unresolved clinical, communication, or conduct risk remains.
8) Survey implications: ACHC/CMS reviewers focus on evidence chain, not intent.
9) Operational consequences: unresolved gaps can lead to adverse events, corrective action, and loss of trust.
10) Disciplinary/legal/defensibility: omissions and unsupported charting increase disciplinary risk and weaken legal defense.

The correct answer is A. Option B is the most dangerous answer in this challenge. Going back into the original note and rewriting it is record alteration. It destroys chronological integrity, creates legal exposure, and in a survey context can constitute falsification. If an auditor or surveyor compares electronic metadata with note content and finds they do not align, the consequences extend far beyond the two missing fields. Option C is the most common wrong answer — not because it is aggressive, but because it is vague. Patient understands is not a clinical finding. It is an assertion. It tells no one what was taught, how understanding was verified, what the patient demonstrated back, or what still needs reinforcement. Option D delays correction into a different visit with a different clinical context, leaving the existing gap open and the care team acting on incomplete information in the meantime. Option A is correct because it does three things: it preserves record integrity by creating a transparent late-entry with a timestamp, it adds objective clinical detail that actually means something to the next clinician reading the chart, and it escalates the pattern to a supervisor and QA so the workflow gap can be corrected at the system level. Defensible documentation is not about length. It is about specificity, objectivity, completeness, and correct sequence.","NEEDS REVIEW — LTX/Detail missing"
"M01-S31-D","Challenge 5 Debrief: Near-Miss Requires Same-Visit Response","Operational Case Review
1) Correct decision: Option A is correct because it preserves patient safety and workflow integrity under pressure.
2) Why correct: Correct the patient's understanding at the bedside, update the medication schedule, call the supervising clinician during this visit, and document the near-miss, corrected education, and revised care plan.
3) Incorrect option analysis:
- Option B risk: Correct the patient's understanding now and document the correction at the end of the day after all visits are complete.. Looks reasonable under pressure, but creates a preventable documentation and escalation gap.
- Option C risk: Ask the patient's family to monitor his medication closely and call the agency if any confusion continues.. Looks reasonable under pressure, but creates a preventable documentation and escalation gap.
- Option D risk: Wait to adjust the medication instructions until the next scheduled physician order update to avoid contradicting a prior documented order.. Looks reasonable under pressure, but creates a preventable documentation and escalation gap.
4) Patient safety implications: uncontrolled communication barriers or delayed escalation can compound into harm.
5) Workflow implications: sequence matters; right actions in the wrong order still produce risk.
6) Documentation implications: chart objective findings, what was verified, what was escalated, and who received handoff.
7) Escalation implications: trigger supervisor pathway when unresolved clinical, communication, or conduct risk remains.
8) Survey implications: ACHC/CMS reviewers focus on evidence chain, not intent.
9) Operational consequences: unresolved gaps can lead to adverse events, corrective action, and loss of trust.
10) Disciplinary/legal/defensibility: omissions and unsupported charting increase disciplinary risk and weaken legal defense.

The correct answer is A. Option B — correct now, document later — is one of the most common documentation errors in home health. End-of-day documentation of a same-visit near-miss is memory-dependent, continuity-fragmented, and legally weaker than a same-visit record. If another clinician visits this patient tonight or tomorrow morning before your documentation is complete, they will act on the old conflicting instructions. Option C transfers clinical responsibility to a family member. Monitoring medication intake is not a family surveillance task — it is a clinical safety function that requires a clinician's judgment, not a worried family member's observation. Option D waits for a physician order update before correcting a patient who is actively at risk of dosing error. That is a delay with a direct harm pathway. Option A is correct because it acts in the correct sequence: correct the patient at the point of care, escalate to the supervising clinician during the same visit so the order can be clarified, and document the near-miss with the correction, the teach-back result, and the updated care plan before you leave the home. Near-miss documentation is not punishment. It is a safety tool that closes the risk loop and protects the next clinician who opens this chart.","Two people are responsible for what happens in the next twenty-four hours: Tess, and the next clinician who opens this chart. If Tess chooses Option B and documents at end of day, the next clinician who visits Mr. Henderson at 7 AM the following morning will open the chart, see two conflicting instructions — both still there — and make a dosing decision based on stale incorrect information. It is no longer a near-miss. It is a documented medication error with a harm outcome that traces directly to the gap between when the error was identified and when the chart was corrected.

Near-miss documentation is not a punitive function. It is a safety function that protects the next person who touches this patient. It closes the information loop so that every clinician who opens the chart after Tess has the corrected picture. Every link in the chain depends on the previous link being closed.

The near-miss note must contain: the specific conflicting instructions identified by visit date and source, the corrected dosing schedule, what Mr. Henderson demonstrated in teach-back after correction, the supervisor's name and the exact time of the escalation call, and the revised care plan with documented next steps. Without all of those elements, the note does not meet the standard for near-miss documentation under ACHC accreditation requirements.

Surveyors reviewing this record will look for four things: whether the near-miss was identified, whether it was escalated during the same visit, whether the patient was corrected and comprehension verified through teach-back, and whether the corrected plan was transmitted to the next clinician in the chart before the visiting clinician departed. A well-intentioned verbal correction with a note entered the following morning fails all four criteria. The survey finding is not that Tess was careless. It is that the safety loop was left open overnight.

Detailed_Image_Description: Mr. Henderson's kitchen table — the moment of decision, continuous from S30. The same kitchen: round wooden table, morning light through the window, prescription bottle and water glass. Mr. Henderson sits across from Tess, now with the small white pill placed back on the table in front of him — he has set it down. He is watching Tess's face with attentive concern. His hands are in his lap. The pill organizer sits between them, both morning compartments open. Tess has her tablet in front of her, two visit notes still visible side by side on screen with conflicting time entries. Her phone is now in her right hand, raised slightly — she is in the act of dialing. Her left hand rests on the edge of the tablet. Her expression: composed, focused. Not alarmed. Operational. She is looking at Mr. Henderson while dialing — maintaining contact with the patient while initiating the escalation call. The bracelet is on her left wrist near the tablet edge. Her nursing bag is on the floor beside her chair.

FLUX1Dev_Image_Prompt: Photorealistic documentary medium shot, Mr. Henderson's kitchen table decision moment, elderly Caucasian man late 70s in plaid flannel shirt with small pill set back on table in front of him and hands in lap watching nurse with attentive concern, Filipina nurse early 30s with tablet on table showing two conflicting visit notes side by side and phone in right hand raised and dialing while looking at patient to maintain contact, left hand on tablet edge with woven bracelet visible, pill organizer between them with both morning compartments open, composed focused operational expression on nurse, prescription bottle and water glass, morning kitchen window light, nursing bag on floor beside chair, 35mm lens, documentary realism, near-miss escalation moment.

LTX23Dev_Video_Generation_Prompt: Mr. Henderson looks at the pill on the table in front of him, then back at Tess. Tess holds up the tablet showing him the two conflicting entries and speaks one sentence of explanation — calm, brief. He nods. She sets the tablet down, picks up her phone, and dials. She puts the phone to her ear while keeping her eyes on him. She speaks to her supervisor — two sentences — while her left hand picks up the tablet again to reference the conflicting entries during the call.

Estimated_Card_Duration: 15 seconds LTX_Generation_Count: 2

PuLID_Character_Guidance: Tess, Filipina, early 30s, navy scrubs, woven bracelet on left wrist near tablet edge, phone in right hand dialing, composed focused expression. Mr. Henderson: same elderly Caucasian male, plaid flannel, pill set back on table, watching attentively. Pill organizer as critical prop. Same kitchen — morning light continuity from S30.","COMPLETE"
"M01-S40-D","Challenge 6 Debrief: Right Steps, Right Order","Operational Case Review
1) Correct decision: Option A is correct because it preserves patient safety and workflow integrity under pressure.
2) Why correct: Assess the pain indicator at bedside, confirm language preference and activate the qualified interpreter, deliver teach-back after teaching, document all findings and interpreter ID, and escalate any unresolved clinical risk.
3) Incorrect option analysis:
- Option B risk: Begin education immediately since the family is ready — add the interpreter only if confusion appears during teaching.. Looks reasonable under pressure, but creates a preventable documentation and escalation gap.
- Option C risk: Escalate to your supervisor before any bedside clinical activity to avoid personal liability for unexpected findings.. Looks reasonable under pressure, but creates a preventable documentation and escalation gap.
- Option D risk: Build rapport with the patient first through casual conversation and delay both the clinical assessment and documentation until the relationship is established.. Looks reasonable under pressure, but creates a preventable documentation and escalation gap.
4) Patient safety implications: uncontrolled communication barriers or delayed escalation can compound into harm.
5) Workflow implications: sequence matters; right actions in the wrong order still produce risk.
6) Documentation implications: chart objective findings, what was verified, what was escalated, and who received handoff.
7) Escalation implications: trigger supervisor pathway when unresolved clinical, communication, or conduct risk remains.
8) Survey implications: ACHC/CMS reviewers focus on evidence chain, not intent.
9) Operational consequences: unresolved gaps can lead to adverse events, corrective action, and loss of trust.
10) Disciplinary/legal/defensibility: omissions and unsupported charting increase disciplinary risk and weaken legal defense.

The correct answer is A. Defensible care is sequence-dependent. Right steps in the wrong order still produce risk. Option B begins education before the communication barrier is controlled and before a potential pain symptom is assessed. This creates two simultaneous gaps: unverified comprehension and an uninvestigated clinical finding. Teaching that proceeds before a pain indicator is assessed and before an interpreter is activated is not efficient — it is incomplete. Option C escalates before bedside assessment. This is premature escalation without clinical information. Your supervisor cannot make an informed clinical decision about an unassessed finding. Your job is to assess first, then escalate with findings. Option D delays both clinical assessment and documentation in favor of rapport building. Rapport matters. But an unassessed pain indicator and an uncontrolled language barrier do not wait for comfort. Option A is correct because it executes in the correct order: identify and respond to the clinical finding first, control the communication environment second, deliver and verify the teaching third, and close the visit with complete documentation and any necessary escalation. Sequence is not bureaucracy. Sequence is how you prevent compounded errors.","Tess's supervisor reviews the visit note a week later during a documentation quality review. If Option B was chosen, the chart shows: teaching completed, family present, interpreter — not documented, wince noted as an addendum at the end of the visit. The supervisor flags it immediately. The chart does not show when the wince was observed. It does not show whether it was assessed. It does not show what the patient reported about it. It does not show whether the clinical finding changed any aspect of the care plan or teaching content. The interpreter field is blank or shows ""family member."" The teach-back result field reads ""patient understands"" — which is not a clinical finding that a surveyor can examine or verify.

If Option A was executed correctly, the chart shows: pain indicator observed at initial greeting and assessed at visit start, patient reported mild positional soreness from chair height, finding noted and did not change care plan, language preference confirmed as limited English proficiency in Tagalog, qualified interpreter activated with interpreter ID and method documented, teaching session began after interpreter was in place, teach-back result documented as what the patient demonstrated, no unresolved clinical risk requiring escalation at close of visit. Every link exists. ACHC surveyors reviewing this chart see a clinician who identified a new finding, addressed it, controlled the communication environment, delivered verified teaching, and closed the visit with complete documentation.

The difference between Option A and Option B is not clinical intent. Both clinicians intended to provide good care. The difference is sequence. And in documentation-dependent home health, sequence determines defensibility.

Detailed_Image_Description: New patient's living room — first visit, Tess has just entered the room and is still near the entrance. She has not yet put her nursing bag down. The bag is still on her left shoulder. A folder of teaching materials is under her right arm. The new patient is an elderly woman in a wheelchair positioned near the window — late 70s, not ethnicity-specified, wearing a house dress, a blanket across her lap. She has just shifted slightly in the wheelchair — her shoulders have tensed and her face has registered a brief wince, a tightening around the eyes and a slight draw at the corners of the mouth. The wince is the visual center of this frame. A female family member in her 40s stands beside the wheelchair, facing Tess, speaking with animated and welcoming energy — her hand is gesturing toward Tess and then toward the coffee table where a surface has been cleared, as if presenting a workspace. The family member is not looking at the patient. She is not noticing the wince. Tess is not looking at the family member. Tess's eyes are on the patient. Her expression: locked and assessing — she has caught the wince and is reading it. Not reacting yet. Just seeing. Natural daylight from the window behind the patient. The room is a modest living room: a couch, a low coffee table, a side table with family photos, a religious ornament on the wall. The patient's wheelchair has a footrest extended.

FLUX1Dev_Image_Prompt: Photorealistic documentary medium shot, new patient's living room first visit, Filipina nurse early 30s standing near room entrance with nursing bag still on left shoulder and teaching materials folder under right arm — has not yet set bag down, elderly woman in wheelchair near window with blanket across lap in the act of wincing — shoulders tensed, slight face tightening around eyes, family member female 40s standing beside wheelchair gesturing toward cleared coffee table space with welcoming animated energy — not noticing wince, nurse's eyes locked directly on patient wince expression — assessing not yet reacting, natural window light behind patient, modest living room with couch and side table and family photos, woven bracelet visible on bag-strap left shoulder hand, 35mm lens, documentary realism, clinical observation priority moment.

LTX23Dev_Video_Generation_Prompt: Tess steps into the living room. The family member speaks — gestures toward the coffee table, then toward her mother. Tess looks at the patient. The patient shifts slightly in the wheelchair and winces — a brief tightening. The family member continues speaking, not noticing. Tess does not follow the family member's gesture toward the table. She steps toward the patient, sets her nursing bag on the floor beside the wheelchair, and kneels slightly to eye level. She speaks to the patient directly — one brief, simple question.

Estimated_Card_Duration: 15 seconds LTX_Generation_Count: 2

PuLID_Character_Guidance: Tess, Filipina, early 30s, navy scrubs, woven bracelet visible on bag-strap hand, teaching folder under right arm, nursing bag still on shoulder — has not settled in yet. New patient: elderly woman in wheelchair, wincing during shift. Family member: female 40s, welcoming energy, not noticing patient. New patient home — different from Henderson scenes, natural daylight.","COMPLETE"
"M01-S47","Final Debrief and Competency Confirmation","You did not pass by guessing. You passed by sequencing. In home health, the difference between acceptable and defensible is almost always one of four things: timing, documentation specificity, escalation completeness, or communication verification. Tess succeeded because she adapted her style while preserving her values. She did not become someone else. She translated herself. That is the operational definition of cultural competence — not performance, but practiced precision applied with consistent respect. The learner who completes this module carries three things forward: the knowledge that every clinical decision has an evidence chain that needs to exist in the record; the skill to activate interpreter workflow, perform teach-back, escalate correctly, and document defensibly; and the understanding that cultural competence is not a training badge. It is the daily operational commitment that makes care safer for every patient Tess will ever see.","You did not pass by guessing. You passed by sequencing. In home health, the difference between acceptable and defensible is almost always one of four things: timing, documentation specificity, escalation completeness, or communication verification. Tess succeeded because she adapted her style while preserving her values. She did not become someone else. She translated herself. That is the operational definition of cultural competence — not performance, but practiced precision applied with consistent respect. The learner who completes this module carries three things forward: the knowledge that every clinical decision has an evidence chain that needs to exist in the record; the skill to activate interpreter workflow, perform teach-back, escalate correctly, and document defensibly; and the understanding that cultural competence is not a training badge. It is the daily operational commitment that makes care safer for every patient Tess will ever see.","COMPLETE"
