"Scene_ID","Scene_Title","Challenge_Question","Option_A","Option_B","Option_C","Option_D","Correct_Answer_Index","Correct_Answer_Label","Operational_Rationale","Status"
"M01-PA-Q1","Pre-Assessment Question 1: Comprehension Signals","A patient nods and says yes after each instruction during medication teaching. What does this most likely tell you?","The patient understood each instruction completely.","The patient is being respectful and attentive — but comprehension has not been verified.","The teaching session is complete and documentation can reflect successful education.","A family member can confirm understanding at the next visit.","1","B","","NEEDS REVIEW — LTX/Detail missing"
"M01-PA-Q2","Pre-Assessment Question 2: Interpreter Services","A patient's adult son offers to interpret during insulin injection teaching. What is the most appropriate response?","Accept the offer — family interpretation is faster and more personal for the patient.","Accept — the patient nodded agreement when asked.","Thank the son and explain that a qualified interpreter will be requested for clinical teaching.","Proceed with teaching and note in the chart that a family member assisted with interpretation.","2","C","","NEEDS REVIEW — LTX/Detail missing"
"M01-PA-Q3","Pre-Assessment Question 3: Rights and Accommodation","A patient's religious beliefs require gender-concordant care. You notice the wound dressing appears soiled and deteriorating. You are the only clinician available for two hours. Most defensible response?","Explain respectfully that clinical urgency takes priority over accommodation requests in this situation.","Acknowledge the request, assess wound urgency immediately, contact your supervisor for accommodation options, and document both.","Ask the patient to sign a temporary waiver so care can proceed.","Leave the home and schedule a callback for when an appropriate clinician is available — without assessing the wound.","1","B","","NEEDS REVIEW — LTX/Detail missing"
"M01-S18-Q","Challenge 1: Cultural Preference vs Clinical Urgency — Question","Tess arrives at Mr. Henderson's home for wound care. The family says religious beliefs require gender-concordant care — Tess cannot treat him. The wound dressing is soiled and may be deteriorating. The patient cannot speak to confirm. What is the most defensible immediate action?","Acknowledge the family's request, rapidly assess wound urgency at the bedside, call the supervisor immediately for accommodation routing, and document both the preference and the clinical findings.","Respect the family's preference completely by leaving the home and messaging the office to reschedule with a different clinician.","Proceed with wound care because clinical urgency overrides accommodation requests when deterioration is present.","Ask the family to sign a refusal form first, then determine next steps based on available staffing.","0","A","","NEEDS REVIEW — LTX/Detail missing"
"M01-S22-Q","Challenge 2: Interpreter Workflow Timing — Question","A limited-English patient nods through insulin teaching. The patient's daughter offers to interpret and says her mother is comfortable with her. What is the most defensible action?","Accept the family's offer and proceed with insulin teaching, then document education as completed.","Thank the daughter for offering, pause education, activate the qualified agency interpreter, perform teach-back, and document the barrier, interpreter ID, and patient response.","Deliver the core teaching points now with the daughter interpreting, and schedule a qualified interpreter for the next visit to reinforce.","Ask the patient to sign a written understanding statement now, then follow up with a qualified interpreter at a future visit.","1","B","","NEEDS REVIEW — LTX/Detail missing"
"M01-S25-Q","Challenge 3: Bystander Duty and Reporting — Question","A coworker mocked Tess' accent in the break room in front of witnesses and did not stop when she walked in. Which response is the most professionally defensible?","Calmly address the behavior in the moment, then submit a formal report to the supervisor with the exact behavior, witnesses, time, location, and an anti-retaliation request.","Wait until after shift and report it to HR the following morning to avoid making the situation worse right now.","Confront the coworker loudly in the break room to make clear the behavior is unacceptable.","Focus on patient care and avoid getting involved in personnel issues — the workplace environment is not her responsibility to correct.","0","A","","NEEDS REVIEW — LTX/Detail missing"
"M01-S28-Q","Challenge 4: Corrective Documentation — Question","Tess finds two prior visit records with missing cultural preference and interpreter fields. What is the most defensible corrective action?","Create a late-entry addendum for each record with a timestamp, objective detail including cultural preference and interpreter information, and notify the supervisor about the pattern.","Go back into the original note text and rewrite it to include the missing information so the record appears complete and consistent.","Add a brief note at the end of each record saying 'patient understands' and move forward.","Leave both records as they are and document the missing information fully at the next visit.","0","A","","NEEDS REVIEW — LTX/Detail missing"
"M01-S31-Q","Challenge 5: Teach-Back Under Risk — Question","Mr. Henderson has been double-dosing due to conflicting instructions in two prior visit notes. He hasn't taken today's dose yet. What is the most defensible immediate response?","Correct his understanding at the bedside immediately, update the medication schedule in the chart, call the supervising clinician during this same visit, document the near-miss event, the corrected education, the teach-back result, and the revised care plan — all before leaving the home.","Correct his understanding now and explain the right schedule verbally, then document the correction at the end of the day after all visits are complete to ensure you have time to document thoroughly.","Ask the patient's family member to monitor his medication intake closely and call the agency if any confusion continues, then notify the supervising clinician at your next scheduled check-in.","Wait to adjust the medication instructions until the next scheduled physician order update, so you are not providing instructions that contradict a prior documented order without physician authorization.","0","A","Option A is the only answer that closes every risk loop at the point of care. Near-miss events require same-visit documentation because the chart must be corrected before any other clinician accesses it. The chart does not protect the next clinician from the error until the correction exists in it. Every hour the chart remains uncorrected is an hour during which another clinician accessing the record — a supervisor reviewing remotely, a covering nurse dispatched for an after-hours call, a family member reading a portal — sees the same two conflicting instructions and has no way to know the error was identified and corrected. That is a documented harm pathway.

Option B introduces a specific, measurable gap: if Tess documents at end of day after completing her remaining visits, a clinician assigned to Mr. Henderson for a 7 AM check the following morning will open the chart, find both conflicting instructions still visible, and make a dosing decision based on information Tess knew was wrong but had not yet corrected in the record. It is no longer a near-miss. It is a medication error with a downstream harm event attached to a chart Tess had in her hands the day before.

Option C transfers a clinical safety function to a family member. Monitoring medication intake for accuracy in a double-dosing scenario requires clinical judgment to identify whether a dose has been taken, whether the timing is correct, and whether the instructions as understood by the patient match the corrected order. Asking a family member to ""watch and call if confused"" does not meet that standard. The family member may not recognize that the patient has returned to the incorrect schedule after a day of correct dosing. By the time they call, harm has occurred.

Option D inverts clinical urgency and administrative sequence. A patient who is actively at risk of a pharmacological error today — because of conflicting instructions currently in the chart — cannot safely wait for a physician order update scheduled for a future date. The bedside correction Tess makes is a clinical education correction, not a change in the underlying prescription. She is correcting what the patient understands, escalating to her supervising clinician, and ensuring the chart reflects the accurate instruction. None of those steps require a new physician order. Waiting for one while the patient continues double-dosing is not procedural caution — it is inaction during an active safety event.","COMPLETE"
"M01-S40-Q","Challenge 6: Integrated Workflow Sequencing — Question","New patient, family pushing to start teaching immediately. Tess notices the patient wince — a possible pain indicator not in the chart. Language preference is unconfirmed. Interpreter is not activated. What is the most defensible visit sequence?","Pause the teaching session before it starts. Assess the pain indicator at the bedside first. Confirm the patient's language preference and activate the qualified interpreter before beginning any clinical education. Deliver teaching with teach-back after the interpreter is in place. Document all findings including the pain indicator, language barrier, interpreter ID, teach-back result, and any unresolved clinical risk. Escalate before leaving if needed.","Begin the education session immediately since the family is ready, engaged, and the teaching materials are prepared. Add the interpreter only if confusion becomes apparent during the teaching. Address the wince afterward since it may just be routine positioning discomfort.","Stop all activity and escalate to your supervisor before any bedside clinical work to avoid personal liability for the undocumented pain indicator you observed. Do not touch the patient until supervisor authorization is received.","Build rapport through casual conversation first — ask about the patient's preferences and interests before beginning any clinical assessment or education to establish a trusting relationship before formal workflow.","0","A","Option A is the only sequence that executes in the correct clinical and compliance order. The wince is an uninvestigated clinical finding. It must be assessed before anything else begins because it could represent acute pain, a positional injury, an unreported wound complication, or an emerging condition that materially changes the care plan. You cannot ethically or defensibly begin insulin administration teaching to a patient who may be in active pain during the session — not because it is unkind, but because a patient experiencing pain is not able to engage fully with teaching content, cannot accurately complete teach-back, and may have a clinical condition that changes what should be taught.

After the clinical finding is assessed and addressed, the communication environment must be controlled before any clinical education begins. Teaching through an unqualified family interpreter while a pain indicator remains uninvestigated creates two simultaneous documentation gaps. Teaching delivered without a qualified interpreter has no verified comprehension and cannot be documented as complete or defensible education. Teaching delivered while the patient has an unassessed pain indicator cannot be confirmed as fully absorbed.

Option B is the most operationally common error pattern: beginning teaching before controlling the communication barrier means anything taught during that window has no verified comprehension and no qualified interpreter record. The note will read ""education completed"" with no interpreter ID and no verified teach-back result that a surveyor can examine. The wince being addressed ""afterward"" means the clinician may finish a complete teaching session and then discover the patient was in active pain throughout — invalidating the teaching, creating a documented sequence error, and producing a safety and documentation problem at the end of a visit rather than correcting it at the beginning.

Option C is premature escalation without clinical information. Escalation requires a finding to report. Observing a possible pain indicator and calling your supervisor before assessing it means your supervisor has no clinical information to act on. They cannot authorize, direct, or adjust a care plan based on an unobserved, unassessed event described over the phone. Your job is to assess first, then escalate with specific findings. Calling before assessment does not protect you from liability — it delays the assessment that would generate the information needed for any protective action.

Option D confuses professional rapport with clinical assessment delay. An unassessed pain indicator and an uncontrolled language barrier do not become less clinically urgent while you ask about the patient's hobbies or family history. Rapport in home health is not established through preliminary social conversation that defers clinical work — it is built through competent, respectful care delivered in the correct sequence. A clinician who assesses a patient's pain first and explains what they are doing throughout builds more durable trust than one who delays clinical work in favor of a social warm-up.","COMPLETE"
"M01-S42","Final Assessment Q1: Barrier Prioritization","Three patients on Tess's first independent shift — language barrier with no interpreter pre-scheduled, prior-flagged pain management concern, and a new wound assessment order. What is the most defensible pre-shift prioritization note before departure?","A structured note that explicitly identifies each patient's communication barrier type and status, urgency marker and clinical flag, required pre-visit action (interpreter activation, pain follow-up contact, wound supply confirmation), and escalation threshold — documented and time-stamped before departure from the agency.","A note listing all three patients with their appointment times, addresses, and primary visit purposes — sufficient to begin the shift and address barriers when they are encountered at each home.","A note documenting only the new wound assessment order patient, since the new physician order represents the primary clinical obligation of the day and the other two visits are routine follow-ups.","A note deferring all barrier identification and flagging to point of care at each home visit, since each situation is best assessed in real time with the patient present rather than anticipated in advance.","0","A","Pre-visit barrier identification is not preparatory paperwork. It is patient safety infrastructure. A clinician who arrives at a limited-English patient's home without a pre-activated interpreter has already created a workflow failure before the door opens — because interpreter activation requires time that cannot be absorbed at the bedside when the patient is waiting and the visit window is fixed. A clinician who arrives at a patient with a flagged pain concern without reviewing the prior note and confirming whether the concern has escalated begins the visit without situational awareness of what the chart already knows. A clinician who arrives for a wound assessment without confirming that the required specialized supplies are in the nursing bag may face a visit that cannot be completed safely or must be aborted.

Option A is correct because it requires the clinician to actively resolve each known barrier before it becomes a point-of-care event. The interpreter activation call alone can take ten to fifteen minutes to complete. If that time is attempted at the patient's kitchen table, it absorbs the visit window, leaves the patient waiting, and creates pressure to compress or skip steps that follow. Activating before departure means the interpreter ID is already in the chart before the clinician's car leaves the parking lot.

Option B records the schedule without the preparation. The schedule is not the safety net — the barrier resolution is. A note with three names, three addresses, and three appointment times tells the next reviewer that the shift existed. It does not tell the reviewer that the clinician identified the interpreter gap, closed it, confirmed the pain follow-up, or verified the wound supplies. If something goes wrong at any of those three visits, the pre-shift note is one of the first documents examined. A note that shows three patient names and nothing else does not answer the question that reviewer will ask: did this clinician identify the known risks before the shift began?

Option C creates a triage error by ranking task type over patient risk profile. A new physician wound assessment order is clinically significant. But a patient with a documented language barrier and no pre-arranged interpreter represents an immediate visit execution failure that affects every clinical exchange in the session — including the teaching or assessment that is the primary purpose of the visit. Ranking the wound order above the language barrier because it comes from a physician creates the illusion of clinical priority without the operational reality.

Option D is the inverse of safe practice. Known barriers that can be resolved before departure — a missing interpreter activation, a pain flag that needs follow-up contact, a supply check for a wound kit — do not become resolved by waiting until the clinician is standing at the patient's door. They compound. A clinician who arrives at three consecutive visits without pre-visit barrier resolution is not responding in real time — they are encountering predictable problems without preparation, which produces compounded delay, documentation gaps, and patient safety risk across the full shift.","COMPLETE"
"M01-S43","Final Assessment Q2: Complex Interaction","Second patient of the shift — limited English, family offering to interpret, patient reports new shortness of breath not in the morning chart. What is the most defensible complete response sequence?","Pause immediately. Assess the new symptom at the bedside — vital signs, patient report, observable clinical indicators — before proceeding with any teaching. Activate the qualified interpreter for the symptom assessment and all subsequent communication. Escalate the new symptom to the supervising clinician during this visit, with your bedside findings, before leaving. Document the new symptom, the interpreter activation, the clinical assessment, the escalation, and the follow-up plan before you leave the home.","Accept the family member's offer to interpret the symptom description in order to move quickly — a new symptom requires fast action and the interpreter line will add delay. Complete the symptom assessment with family interpretation, escalate to the supervisor after the scheduled teaching session is also complete so the visit can be fully closed out in one call.","Escalate to the supervisor before doing any clinical assessment, explaining that you have observed a new symptom that was not in your chart. Wait for supervisor guidance before proceeding at the bedside to avoid liability exposure from an undocumented finding.","Complete the scheduled teaching session first since the family is present, engaged, and the teaching materials are ready. Assess the shortness of breath as an addendum at the end of the visit, then escalate based on your findings at the close of the visit.","0","A","A new symptom reported by a patient during a home visit is a clinical finding that supersedes the scheduled visit agenda. Shortness of breath in an elderly patient with a home health care plan represents a potential acute change that requires immediate bedside assessment, not deferral while a teaching session is completed. The scheduled agenda is secondary to an uninvestigated clinical finding.

Option A sequences correctly: clinical assessment first, with whatever rapid evaluation tools are available at the bedside — pulse oximetry if in the kit, respiratory rate observation, patient-reported onset and severity, observable clinical indicators. Communication environment controlled second, through proper interpreter activation, so that the symptom assessment itself is conducted through a qualified interpreter who can accurately transmit the patient's description of symptoms. Escalation third, with actual bedside findings to report — not a vague ""I see something unexpected"" call, but specific clinical data for the supervisor to act on. Documentation fourth: the sequence, the findings, the interpreter, the assessment result, the escalation content and response, the follow-up plan.

Option B introduces two compounding failures simultaneously. The first: using a family member to interpret a new symptom description. Family members in home health settings consistently soften, minimize, or reframe symptom descriptions — not from dishonesty but from the instinct to protect. A daughter who hears her mother describe chest tightness alongside shortness of breath may transmit only ""she says she's a little short of breath"" because the chest tightness sounds alarming and she doesn't want to escalate. The clinical description reaching the nurse through a family interpreter is not the patient's symptom description. It is the family member's interpretation of it, filtered through their emotional response. The second failure: deferring escalation until after teaching is complete. A patient who is experiencing an acute symptom change should not be the subject of a planned teaching session while that symptom is uninvestigated. If the patient deteriorates during the teaching session, the chart will show the teaching was completed while the symptom was known and unaddressed.

Option C is premature escalation without clinical information. A supervisor receiving a call that says ""I see a new symptom not in the chart"" cannot direct clinical care from a remote location without assessment data. They cannot determine urgency, whether emergency services should be called, whether the visit should be terminated, or what the appropriate next step is. Calling before assessment delays the assessment that would generate the information needed for any meaningful supervisor guidance. The clinician's first obligation is to assess, then escalate with findings.

Option D is the most clinically hazardous choice in this set. Teaching scheduled content around an active, unassessed new symptom means the clinician has observed a potential patient safety signal and proceeded as if it is not there. If the patient's shortness of breath is the early presentation of fluid overload, a pulmonary event, or a medication complication, and the chart shows the teaching session was completed in full while the symptom was present and noted only in an end-of-visit addendum, the documentation sequence creates a liability chain that no charting language can fully correct after the fact.","COMPLETE"
"M01-S44","Final Assessment Q3: Documentation Defensibility","After a complex visit involving a new symptom, language barrier, and interpreter activation, which charting entry is the most defensible?","A structured note that documents: the new symptom identified at a specific time with objective clinical findings in behavioral terms, the communication barrier identified by name and type and status, the interpreter ID and modality and contact time, the teach-back result described as what the patient physically demonstrated rather than what they verbally agreed to, the escalation steps with supervisor name and time of call and supervisor's response and follow-up instruction, and the follow-up plan for the next visit with specific items to verify.","Objective clinical findings and the visit date only — with interpreter information filed in a separate note to keep the primary clinical record clean and organized according to charting format.","A note stating that the patient understood the education provided, no barriers were encountered, and the visit was completed per care plan — documenting only the final outcome rather than the clinical process.","A detailed narrative paragraph describing the full visit in flowing prose, covering the symptom, the family interaction, the teaching, and the escalation — written as a comprehensive account without using the required structured documentation fields.","0","A","Option A is correct because defensible documentation is structured, specific, objective, and sequenced. Each required element in a complete note serves a different downstream audience and purpose. The new symptom documentation, with objective findings and time of identification, serves the next clinician who opens the chart — they need to know what was found, when, and what was done about it. The interpreter ID and method and contact time serve the survey reviewer — without the interpreter ID, the record cannot demonstrate that a qualified interpreter was used rather than a family member or no interpreter at all. The teach-back result documented as what the patient demonstrated — not what they said they understood — serves the patient safety record, because a behavioral demonstration is verifiable evidence of comprehension while a verbal statement of understanding is not. The escalation documentation with supervisor name, time, and supervisor's response serves the compliance and liability record — without supervisor name and call time, the escalation claim cannot be verified. The follow-up plan serves care continuity — the next clinician needs to know what was unresolved at the end of the visit and what specifically they need to check.

Option B separates the interpreter information from the primary clinical record. This creates a documentation architecture problem with direct operational consequences. If a surveyor or quality reviewer pulls the primary visit note and the interpreter information is in a separate note, the primary record appears to document a clinical visit conducted without interpreter services. Surveyors conducting record reviews do not automatically search for secondary notes. The primary note is what they read. If the interpreter ID is not there, the visit appears to have been conducted without qualified interpretation regardless of what is in a secondary file.

Option C is the most operationally dangerous choice because it documents an outcome without the process that produced it. ""Patient understood the education provided"" is an assertion. It has no evidentiary value. It cannot be examined, cross-referenced, or defended when challenged. It does not tell the next clinician what was taught, how understanding was verified, what the patient demonstrated during teach-back, what the symptom finding was, or what the escalation produced. A chart that says ""visit completed per care plan"" when the visit included an unscheduled symptom assessment, an interpreter activation, and a supervisor escalation is not just incomplete — it is a false summary of a complex visit.

Option D — the narrative paragraph — reflects good intentions and may capture accurate information, but fails the structure requirement. Unstructured charting means required fields in the EHR system are not completed, which creates gaps that survive even when the narrative content is thorough. EHR systems and survey reviewers do not extract information from prose paragraphs to populate required fields — they look for fields to be completed. A thorough narrative beside empty required fields produces an incomplete record regardless of how much information is in the prose section.","COMPLETE"
"M01-S45","Final Assessment Q4: Dignity and Consent","Before beginning wound care for a patient who has never received a full procedure explanation, which communication sequence best preserves dignity and confirms informed participation?","Validate the patient's perspective and current experience by asking how they are feeling today and whether they have any concerns. Explain clearly what the wound care procedure involves, why it is being done, what the patient will feel, and how long it will take. Confirm what the patient understood by asking them to describe back the key points. Explicitly invite them to stop the procedure or ask questions at any point without fear that it will affect their care.","Proceed with wound care while explaining the steps as you go, which reduces patient anxiety by making the procedure feel routine and conversational rather than formal and clinical. Patients feel more comfortable when care happens naturally rather than being preceded by formal explanations.","Ask the patient to sign a standard consent form before beginning any procedure to create a documented record of consent. Once the form is signed, proceed with care.","Reassure the patient that everything is fine, that you have done this procedure many times, and that it will be quick — then begin. Reassurance before a procedure reduces patient anxiety more effectively than technical explanation.","0","A","Option A is the only sequence that achieves three simultaneous goals: informed consent as a verified process, patient dignity preservation through autonomous decision-making, and defensible documentation opportunity. Informed consent in home health is not a form and not a signature. It is a process through which the patient reaches a voluntary and informed decision about whether to proceed with a clinical intervention, having understood what will happen, why, and what it will feel like. Option A verifies that understanding through a teach-back step — asking the patient to describe back the key points — and explicitly protects the patient's right to decline or pause at any point.

Option B mistakes narration for consent. Explaining the steps while performing them is not informed consent — it is real-time narration of an intervention that has already begun. The patient cannot meaningfully consent to a procedure they are already experiencing, because the opportunity to make a voluntary, unpressured decision to decline has already closed. A patient who would have asked Tess to stop, had she been given the explanation in advance and the explicit invitation to decline, cannot stop what has already started without feeling that she is disrupting care or causing a problem. The consent opportunity must precede the procedure, not run alongside it.

Option C reduces the consent process to its administrative artifact. A signature on a consent form is documentation that a consent process occurred. If the process did not occur — if the patient was not given a clear explanation, was not given time to ask questions, was not given an explicit invitation to decline — then the signature is administrative documentation of a process that did not happen. Three prior visits with wound care performed without documented consent confirmation are already a survey finding. A fourth visit with a signed form but no documented explanation, teach-back, or explicit invitation to decline does not correct that pattern. It adds a piece of paper to an ongoing consent failure.

Option D is clinically paternalistic in a way that directly harms the patient's ability to make informed decisions. Telling a patient ""everything is fine"" and ""it will be quick"" before a wound care procedure that the patient has never had explained provides no clinical information on which to base a decision. It replaces information with reassurance. A patient who is anxious about the procedure because she does not know what will happen is not reassured by being told it will be quick — she is dismissed. Her anxiety, which may contain legitimate questions about pain, about the wound status, about what the procedure means for her prognosis, is overridden rather than addressed.","COMPLETE"
"M01-S46","Final Assessment Q5: Closed-Loop Escalation","During wound assessment you find undocumented redness at the wound margin — a possible early-stage pressure injury. Patient cannot confirm when it appeared. Most defensible closeout sequence?","Document the finding at the bedside immediately with a specific, objective description — size, location, color, wound margin relationship, skin integrity. Call the supervisor before leaving the home, report the finding with your objective documentation, receive and document the supervisor's instruction and name and call time. Update the care plan to reflect the new finding and the supervisor's directive. Confirm in the closing note that the receiving clinician has been specifically notified of this finding and the follow-up plan.","Document the finding thoroughly at the end of the day after all visit notes are complete, to ensure consistency across the full record and to have adequate time to describe it accurately without rushing at the bedside.","Tell the patient's family member about the redness and ask them to monitor it over the next several days, calling the agency if it worsens or the patient reports discomfort. No escalation needed at this stage since the finding is only early-stage and not confirmed as a pressure injury.","Wait until the next scheduled physician visit or phone consultation to flag the finding, in order to avoid raising patient anxiety prematurely with an unconfirmed diagnosis and to ensure proper physician authorization before documenting a new clinical concern.","0","A","Option A is the only sequence that completes every required link in the closed-loop escalation chain. A new clinical finding discovered during a home visit — particularly one absent from all prior documentation — represents a care continuity breach that must be addressed before the visiting clinician departs. The documentation cannot be separated from the visit in which the finding was made because the timestamp of the documentation is evidence of when the finding was identified and acted upon.

The bedside documentation must be specific and objective: not ""some redness"" but ""approximately 1.5 cm area of non-blanchable erythema at the inferior wound margin, wound edge intact, surrounding skin warm to touch, patient unable to confirm onset."" That level of specificity serves the next clinician, the physician who will receive the escalation, and the supervisor who will review the note. Vague description requires the next clinician to reassess from scratch, effectively resetting the observation rather than building on it.

The same-visit supervisor call is required because the supervisor needs to know before the clinician leaves the home whether the finding changes the care plan, whether additional orders are needed, whether the physician should be contacted today, and whether the next scheduled visit needs to be moved up. None of those decisions can be made with the information ""Tess saw something and will document it later."" They require the specific clinical findings Tess observed.

Option B creates a measurable gap: if documentation occurs at end of day and another clinician is dispatched to this patient for any reason — an after-hours call, an urgent check requested by the family, a concurrent supervisor review of the chart — they open the chart and find no record of the redness. If the next clinician performs wound care without knowing about the finding, the opportunity for early intervention in a potential pressure injury has been lost. If the wound progresses between now and when the note is entered, the progression occurred during a window when the chart showed the finding as undiscovered. That is a documented care coordination failure regardless of the quality of Tess's actual bedside care.

Option C transfers a clinical observation function to a family member without clinical training. Asking a family member to ""watch it and call if it gets worse"" places the identification of pressure injury progression — which requires knowledge of wound staging, tissue assessment, and clinical change indicators — in the hands of someone without that knowledge. By the time a family member judges the finding to be ""worse"" and calls, a Stage 1 finding may have progressed to Stage 2. The preventive intervention window has closed.

Option D delays clinical action to align with an administrative schedule. A new wound finding that may indicate early pressure injury development does not wait for a physician's next scheduled availability. It requires same-day supervisor escalation and, if the supervisor determines physician contact is warranted, same-day physician notification. Waiting for the next scheduled physician contact means the finding sits in an undocumented, unescalated state for a period that could be days. During that period, the wound could progress, other clinicians could touch the wound without knowing about the finding, and the care plan will not reflect the current patient status.","COMPLETE"
