"shot_id","order_number","shot_name","colour_scheme","scene_context","dialogue","lora_1","lora_2","lora_3","ref_image_1","ref_image_2","ref_image_3","video_file","audio_vo","positive_image","negative_image","positive_video","negative_video","row_index","info"
"M01-PA-INTRO","1","Pa Intro","warm documentary realism, soft incandescent evening light, golden-orange parol lantern glow, quiet contemplative mood, 35mm lens, film grain","Tess's modest Filipino living room (sala) in Manila, evening before departure. Seated at small wooden dining table, packed duffel bag leaning against table leg, navy scrubs folded nearby, lola's woven thread bracelet visible on left wrist, glowing star-shaped parol lantern and family photos on wall, glass of water on table, pensive composed inward expression","","","","","Tessfront.png","tessleftside.png","Tessrightside.png","","","Photorealistic documentary-style home health training image. Tess's modest Filipino living room (sala) in Manila, evening before departure. Seated at small wooden dining table, packed duffel bag leaning against table leg, navy scrubs folded nearby, lola's woven thread bracelet visible on left wrist, glowing star-shaped parol lantern and family photos on wall, glass of water on table, pensive composed inward expression. Visual palette and lighting: warm documentary realism, soft incandescent evening light, golden-orange parol lantern glow, quiet contemplative mood, 35mm lens, film grain. Professional caregiver behavior, realistic modest home environment, emotionally grounded, natural body language, clear subject visibility, no staged stock-photo look.","cartoon, anime, illustration, CGI, fantasy, horror, gore, graphic wound, blood, emergency room, hospital setting, clinic setting, nursing home setting, facility hallway, police, weapon, disaster, chaotic emergency, exaggerated drama, unsafe clinical care, improper PPE, mask covering main character face, patient distress, restraint, unprofessional caregiver, dirty scrubs, messy hair, cluttered unsafe home, hoarding, luxury home, staged stock photo, corporate ad, smiling at camera, posed portrait, direct camera stare, selfie angle, bad anatomy, deformed hands, extra fingers, missing fingers, distorted face, inconsistent face, different character identity, duplicate nurse, blurry, motion blur, low resolution, overexposed, underexposed, harsh shadows, unreadable text, random text, watermark, logo, signature, UI elements","","","1","pre-assessment"
"M01-PA-Q1","2","Pa Q1","warm natural daylight through thin curtains, soft documentary realism, intimate Philippine home bedroom, 35mm lens","Modest Philippine home bedroom. Tess standing beside elderly female patient's bed teaching medication management, patient nodding politely, medication blister pack and glass of water on bedside table, Tess holding notepad, woven bracelet visible on left wrist","","","","","Tessfront.png","tessleftside.png","Tessrightside.png","","","Photorealistic documentary-style home health training image. Modest Philippine home bedroom. Tess standing beside elderly female patient's bed teaching medication management, patient nodding politely, medication blister pack and glass of water on bedside table, Tess holding notepad, woven bracelet visible on left wrist. Visual palette and lighting: warm natural daylight through thin curtains, soft documentary realism, intimate Philippine home bedroom, 35mm lens. Professional caregiver behavior, realistic modest home environment, emotionally grounded, natural body language, clear subject visibility, no staged stock-photo look.","cartoon, anime, illustration, CGI, fantasy, horror, gore, graphic wound, blood, emergency room, hospital setting, clinic setting, nursing home setting, facility hallway, police, weapon, disaster, chaotic emergency, exaggerated drama, unsafe clinical care, improper PPE, mask covering main character face, patient distress, restraint, unprofessional caregiver, dirty scrubs, messy hair, cluttered unsafe home, hoarding, luxury home, staged stock photo, corporate ad, smiling at camera, posed portrait, direct camera stare, selfie angle, bad anatomy, deformed hands, extra fingers, missing fingers, distorted face, inconsistent face, different character identity, duplicate nurse, blurry, motion blur, low resolution, overexposed, underexposed, harsh shadows, unreadable text, random text, watermark, logo, signature, UI elements","","","2","pre-assessment-challenge"
"M01-PA-D1","3","Pa D1","cool fluorescent overhead lighting, professional clinical documentary style, agency hallway","Agency nursing station hallway under fluorescent lights. Tess standing attentively as charge nurse points to flagged chart entry, professional correction moment, bulletin board in background","","","","","Tessfront.png","tessleftside.png","Tessrightside.png","","","Photorealistic documentary-style home health training image. Agency nursing station hallway under fluorescent lights. Tess standing attentively as charge nurse points to flagged chart entry, professional correction moment, bulletin board in background. Visual palette and lighting: cool fluorescent overhead lighting, professional clinical documentary style, agency hallway. Professional caregiver behavior, realistic modest home environment, emotionally grounded, natural body language, clear subject visibility, no staged stock-photo look.","cartoon, anime, illustration, CGI, fantasy, horror, gore, graphic wound, blood, emergency room, hospital setting, clinic setting, nursing home setting, facility hallway, police, weapon, disaster, chaotic emergency, exaggerated drama, unsafe clinical care, improper PPE, mask covering main character face, patient distress, restraint, unprofessional caregiver, dirty scrubs, messy hair, cluttered unsafe home, hoarding, luxury home, staged stock photo, corporate ad, smiling at camera, posed portrait, direct camera stare, selfie angle, bad anatomy, deformed hands, extra fingers, missing fingers, distorted face, inconsistent face, different character identity, duplicate nurse, blurry, motion blur, low resolution, overexposed, underexposed, harsh shadows, unreadable text, random text, watermark, logo, signature, UI elements","","","3","pre-assessment-debrief"
"M01-PA-Q2","4","Pa Q2","natural exterior morning light, slightly overcast, realistic documentary daylight","Exterior suburban residential home front porch, morning. Tess in navy scrubs at open door with nursing bag and tablet, adult son offering to interpret, bracelet visible on left wrist","","","","","Tessfront.png","tessleftside.png","Tessrightside.png","","","Photorealistic documentary-style home health training image. Exterior suburban residential home front porch, morning. Tess in navy scrubs at open door with nursing bag and tablet, adult son offering to interpret, bracelet visible on left wrist. Visual palette and lighting: natural exterior morning light, slightly overcast, realistic documentary daylight. Professional caregiver behavior, realistic modest home environment, emotionally grounded, natural body language, clear subject visibility, no staged stock-photo look.","cartoon, anime, illustration, CGI, fantasy, horror, gore, graphic wound, blood, emergency room, hospital setting, clinic setting, nursing home setting, facility hallway, police, weapon, disaster, chaotic emergency, exaggerated drama, unsafe clinical care, improper PPE, mask covering main character face, patient distress, restraint, unprofessional caregiver, dirty scrubs, messy hair, cluttered unsafe home, hoarding, luxury home, staged stock photo, corporate ad, smiling at camera, posed portrait, direct camera stare, selfie angle, bad anatomy, deformed hands, extra fingers, missing fingers, distorted face, inconsistent face, different character identity, duplicate nurse, blurry, motion blur, low resolution, overexposed, underexposed, harsh shadows, unreadable text, random text, watermark, logo, signature, UI elements","","","4","pre-assessment-challenge"
"M01-PA-D2","5","Pa D2","cool clinical overhead lighting, sterile urgent care documentary tones","Urgent care intake room. Elderly Asian woman on exam table with adult son, medical assistant taking blood pressure — downstream consequence scene","","","","","Tessfront.png","tessleftside.png","Tessrightside.png","","","Photorealistic documentary-style home health training image. Urgent care intake room. Elderly Asian woman on exam table with adult son, medical assistant taking blood pressure — downstream consequence scene. Visual palette and lighting: cool clinical overhead lighting, sterile urgent care documentary tones. Professional caregiver behavior, realistic modest home environment, emotionally grounded, natural body language, clear subject visibility, no staged stock-photo look.","cartoon, anime, illustration, CGI, fantasy, horror, gore, graphic wound, blood, emergency room, hospital setting, clinic setting, nursing home setting, facility hallway, police, weapon, disaster, chaotic emergency, exaggerated drama, unsafe clinical care, improper PPE, mask covering main character face, patient distress, restraint, unprofessional caregiver, dirty scrubs, messy hair, cluttered unsafe home, hoarding, luxury home, staged stock photo, corporate ad, smiling at camera, posed portrait, direct camera stare, selfie angle, bad anatomy, deformed hands, extra fingers, missing fingers, distorted face, inconsistent face, different character identity, duplicate nurse, blurry, motion blur, low resolution, overexposed, underexposed, harsh shadows, unreadable text, random text, watermark, logo, signature, UI elements","","","5","pre-assessment-debrief"
"M01-PA-Q3","6","Pa Q3","natural daylight through window, warm afternoon tones, modest home interior documentary","Modest home living room converted for care. Elderly male patient in hospital bed with soiled wound dressing, adult daughter blocking path, Tess at doorway assessing urgency, bracelet visible","","","","","Tessfront.png","tessleftside.png","Tessrightside.png","","","Photorealistic documentary-style home health training image. Modest home living room converted for care. Elderly male patient in hospital bed with soiled wound dressing, adult daughter blocking path, Tess at doorway assessing urgency, bracelet visible. Visual palette and lighting: natural daylight through window, warm afternoon tones, modest home interior documentary. Professional caregiver behavior, realistic modest home environment, emotionally grounded, natural body language, clear subject visibility, no staged stock-photo look.","cartoon, anime, illustration, CGI, fantasy, horror, gore, graphic wound, blood, emergency room, hospital setting, clinic setting, nursing home setting, facility hallway, police, weapon, disaster, chaotic emergency, exaggerated drama, unsafe clinical care, improper PPE, mask covering main character face, patient distress, restraint, unprofessional caregiver, dirty scrubs, messy hair, cluttered unsafe home, hoarding, luxury home, staged stock photo, corporate ad, smiling at camera, posed portrait, direct camera stare, selfie angle, bad anatomy, deformed hands, extra fingers, missing fingers, distorted face, inconsistent face, different character identity, duplicate nurse, blurry, motion blur, low resolution, overexposed, underexposed, harsh shadows, unreadable text, random text, watermark, logo, signature, UI elements","","","6","pre-assessment-challenge"
"M01-PA-D3","7","Pa D3","natural morning daylight, residential exterior documentary realism","Exterior front walkway of patient's home. Tess on phone escalating to supervisor, chart open in hand, bracelet visible","","","","","Tessfront.png","tessleftside.png","Tessrightside.png","","","Photorealistic documentary-style home health training image. Exterior front walkway of patient's home. Tess on phone escalating to supervisor, chart open in hand, bracelet visible. Visual palette and lighting: natural morning daylight, residential exterior documentary realism. Professional caregiver behavior, realistic modest home environment, emotionally grounded, natural body language, clear subject visibility, no staged stock-photo look.","cartoon, anime, illustration, CGI, fantasy, horror, gore, graphic wound, blood, emergency room, hospital setting, clinic setting, nursing home setting, facility hallway, police, weapon, disaster, chaotic emergency, exaggerated drama, unsafe clinical care, improper PPE, mask covering main character face, patient distress, restraint, unprofessional caregiver, dirty scrubs, messy hair, cluttered unsafe home, hoarding, luxury home, staged stock photo, corporate ad, smiling at camera, posed portrait, direct camera stare, selfie angle, bad anatomy, deformed hands, extra fingers, missing fingers, distorted face, inconsistent face, different character identity, duplicate nurse, blurry, motion blur, low resolution, overexposed, underexposed, harsh shadows, unreadable text, random text, watermark, logo, signature, UI elements","","","7","pre-assessment-debrief"
"M01-S01","8","S01","pre-dawn warm incandescent + cool blue morning light mix, intimate domestic documentary style, 35mm lens, film grain","Pre-dawn modest Filipino kitchen and bedroom in Quezon City. Tess folding navy scrubs, nursing bag with lola photo, rice cooker steaming, quiet focused preparation, bracelet visible","","","","","Tessfront.png","tessleftside.png","Tessrightside.png","","","Photorealistic documentary-style home health training image. Pre-dawn modest Filipino kitchen and bedroom in Quezon City. Tess folding navy scrubs, nursing bag with lola photo, rice cooker steaming, quiet focused preparation, bracelet visible. Visual palette and lighting: pre-dawn warm incandescent + cool blue morning light mix, intimate domestic documentary style, 35mm lens, film grain. Professional caregiver behavior, realistic modest home environment, emotionally grounded, natural body language, clear subject visibility, no staged stock-photo look.","cartoon, anime, illustration, CGI, fantasy, horror, gore, graphic wound, blood, emergency room, hospital setting, clinic setting, nursing home setting, facility hallway, police, weapon, disaster, chaotic emergency, exaggerated drama, unsafe clinical care, improper PPE, mask covering main character face, patient distress, restraint, unprofessional caregiver, dirty scrubs, messy hair, cluttered unsafe home, hoarding, luxury home, staged stock photo, corporate ad, smiling at camera, posed portrait, direct camera stare, selfie angle, bad anatomy, deformed hands, extra fingers, missing fingers, distorted face, inconsistent face, different character identity, duplicate nurse, blurry, motion blur, low resolution, overexposed, underexposed, harsh shadows, unreadable text, random text, watermark, logo, signature, UI elements","","","8","content"
"M01-S02","9","S02","warm morning kitchen light, soft domestic documentary realism","Modest Filipino kitchen. Tess performing Mano Po greeting with lola at breakfast table, deep respect and blessing moment, bracelet visible","","","","","Tessfront.png","tessleftside.png","Tessrightside.png","","","Photorealistic documentary-style home health training image. Modest Filipino kitchen. Tess performing Mano Po greeting with lola at breakfast table, deep respect and blessing moment, bracelet visible. Visual palette and lighting: warm morning kitchen light, soft domestic documentary realism. Professional caregiver behavior, realistic modest home environment, emotionally grounded, natural body language, clear subject visibility, no staged stock-photo look.","cartoon, anime, illustration, CGI, fantasy, horror, gore, graphic wound, blood, emergency room, hospital setting, clinic setting, nursing home setting, facility hallway, police, weapon, disaster, chaotic emergency, exaggerated drama, unsafe clinical care, improper PPE, mask covering main character face, patient distress, restraint, unprofessional caregiver, dirty scrubs, messy hair, cluttered unsafe home, hoarding, luxury home, staged stock photo, corporate ad, smiling at camera, posed portrait, direct camera stare, selfie angle, bad anatomy, deformed hands, extra fingers, missing fingers, distorted face, inconsistent face, different character identity, duplicate nurse, blurry, motion blur, low resolution, overexposed, underexposed, harsh shadows, unreadable text, random text, watermark, logo, signature, UI elements","","","9","content"
"M01-S03","10","S03","warm natural daylight, modest Philippine home interior, documentary style","Mr. Henderson’s modest American home living room. Tess arriving for first visit, elderly Caucasian man with walker at door, cautious first interaction","","","","","Tessfront.png","tessleftside.png","Tessrightside.png","","","Photorealistic documentary-style home health training image. Mr. Henderson’s modest American home living room. Tess arriving for first visit, elderly Caucasian man with walker at door, cautious first interaction. Visual palette and lighting: warm natural daylight, modest Philippine home interior, documentary style. Professional caregiver behavior, realistic modest home environment, emotionally grounded, natural body language, clear subject visibility, no staged stock-photo look.","cartoon, anime, illustration, CGI, fantasy, horror, gore, graphic wound, blood, emergency room, hospital setting, clinic setting, nursing home setting, facility hallway, police, weapon, disaster, chaotic emergency, exaggerated drama, unsafe clinical care, improper PPE, mask covering main character face, patient distress, restraint, unprofessional caregiver, dirty scrubs, messy hair, cluttered unsafe home, hoarding, luxury home, staged stock photo, corporate ad, smiling at camera, posed portrait, direct camera stare, selfie angle, bad anatomy, deformed hands, extra fingers, missing fingers, distorted face, inconsistent face, different character identity, duplicate nurse, blurry, motion blur, low resolution, overexposed, underexposed, harsh shadows, unreadable text, random text, watermark, logo, signature, UI elements","","","10","content"
"M01-S04","11","S04","soft natural window light, clinical documentary realism, home care bedroom","Mr. Henderson’s bedroom. Tess performing wound care assessment, elderly patient in hospital bed, professional focused interaction, bracelet visible","","","","","Tessfront.png","tessleftside.png","Tessrightside.png","","","Photorealistic documentary-style home health training image. Mr. Henderson’s bedroom. Tess performing wound care assessment, elderly patient in hospital bed, professional focused interaction, bracelet visible. Visual palette and lighting: soft natural window light, clinical documentary realism, home care bedroom. Professional caregiver behavior, realistic modest home environment, emotionally grounded, natural body language, clear subject visibility, no staged stock-photo look.","cartoon, anime, illustration, CGI, fantasy, horror, gore, graphic wound, blood, emergency room, hospital setting, clinic setting, nursing home setting, facility hallway, police, weapon, disaster, chaotic emergency, exaggerated drama, unsafe clinical care, improper PPE, mask covering main character face, patient distress, restraint, unprofessional caregiver, dirty scrubs, messy hair, cluttered unsafe home, hoarding, luxury home, staged stock photo, corporate ad, smiling at camera, posed portrait, direct camera stare, selfie angle, bad anatomy, deformed hands, extra fingers, missing fingers, distorted face, inconsistent face, different character identity, duplicate nurse, blurry, motion blur, low resolution, overexposed, underexposed, harsh shadows, unreadable text, random text, watermark, logo, signature, UI elements","","","11","content"
"M01-S05","12","S05","warm afternoon home lighting, intimate documentary style","Mr. Henderson’s living room. Tess explaining care plan at kitchen table, building rapport, bracelet visible","","","","","Tessfront.png","tessleftside.png","Tessrightside.png","","","Photorealistic documentary-style home health training image. Mr. Henderson’s living room. Tess explaining care plan at kitchen table, building rapport, bracelet visible. Visual palette and lighting: warm afternoon home lighting, intimate documentary style. Professional caregiver behavior, realistic modest home environment, emotionally grounded, natural body language, clear subject visibility, no staged stock-photo look.","cartoon, anime, illustration, CGI, fantasy, horror, gore, graphic wound, blood, emergency room, hospital setting, clinic setting, nursing home setting, facility hallway, police, weapon, disaster, chaotic emergency, exaggerated drama, unsafe clinical care, improper PPE, mask covering main character face, patient distress, restraint, unprofessional caregiver, dirty scrubs, messy hair, cluttered unsafe home, hoarding, luxury home, staged stock photo, corporate ad, smiling at camera, posed portrait, direct camera stare, selfie angle, bad anatomy, deformed hands, extra fingers, missing fingers, distorted face, inconsistent face, different character identity, duplicate nurse, blurry, motion blur, low resolution, overexposed, underexposed, harsh shadows, unreadable text, random text, watermark, logo, signature, UI elements","","","12","content"
"M01-S06","13","S06","natural daylight, clinical home setting documentary","Mr. Henderson’s home. Tess teaching wound care and medication, patient listening attentively","","","","","Tessfront.png","tessleftside.png","Tessrightside.png","","","Photorealistic documentary-style home health training image. Mr. Henderson’s home. Tess teaching wound care and medication, patient listening attentively. Visual palette and lighting: natural daylight, clinical home setting documentary. Professional caregiver behavior, realistic modest home environment, emotionally grounded, natural body language, clear subject visibility, no staged stock-photo look.","cartoon, anime, illustration, CGI, fantasy, horror, gore, graphic wound, blood, emergency room, hospital setting, clinic setting, nursing home setting, facility hallway, police, weapon, disaster, chaotic emergency, exaggerated drama, unsafe clinical care, improper PPE, mask covering main character face, patient distress, restraint, unprofessional caregiver, dirty scrubs, messy hair, cluttered unsafe home, hoarding, luxury home, staged stock photo, corporate ad, smiling at camera, posed portrait, direct camera stare, selfie angle, bad anatomy, deformed hands, extra fingers, missing fingers, distorted face, inconsistent face, different character identity, duplicate nurse, blurry, motion blur, low resolution, overexposed, underexposed, harsh shadows, unreadable text, random text, watermark, logo, signature, UI elements","","","13","content"
"M01-S07","14","S07","warm evening home light, documentary realism","Mr. Henderson’s living room. Tess wrapping up visit, reviewing next steps with patient","","","","","Tessfront.png","tessleftside.png","Tessrightside.png","","","Photorealistic documentary-style home health training image. Mr. Henderson’s living room. Tess wrapping up visit, reviewing next steps with patient. Visual palette and lighting: warm evening home light, documentary realism. Professional caregiver behavior, realistic modest home environment, emotionally grounded, natural body language, clear subject visibility, no staged stock-photo look.","cartoon, anime, illustration, CGI, fantasy, horror, gore, graphic wound, blood, emergency room, hospital setting, clinic setting, nursing home setting, facility hallway, police, weapon, disaster, chaotic emergency, exaggerated drama, unsafe clinical care, improper PPE, mask covering main character face, patient distress, restraint, unprofessional caregiver, dirty scrubs, messy hair, cluttered unsafe home, hoarding, luxury home, staged stock photo, corporate ad, smiling at camera, posed portrait, direct camera stare, selfie angle, bad anatomy, deformed hands, extra fingers, missing fingers, distorted face, inconsistent face, different character identity, duplicate nurse, blurry, motion blur, low resolution, overexposed, underexposed, harsh shadows, unreadable text, random text, watermark, logo, signature, UI elements","","","14","content"
"M01-S08","15","S08","bright clinical agency lighting, professional documentary style","Home health agency nursing station. Tess at workstation reviewing patient charts pre-shift","","","","","Tessfront.png","tessleftside.png","Tessrightside.png","","","Photorealistic documentary-style home health training image. Home health agency nursing station. Tess at workstation reviewing patient charts pre-shift. Visual palette and lighting: bright clinical agency lighting, professional documentary style. Professional caregiver behavior, realistic modest home environment, emotionally grounded, natural body language, clear subject visibility, no staged stock-photo look.","cartoon, anime, illustration, CGI, fantasy, horror, gore, graphic wound, blood, emergency room, hospital setting, clinic setting, nursing home setting, facility hallway, police, weapon, disaster, chaotic emergency, exaggerated drama, unsafe clinical care, improper PPE, mask covering main character face, patient distress, restraint, unprofessional caregiver, dirty scrubs, messy hair, cluttered unsafe home, hoarding, luxury home, staged stock photo, corporate ad, smiling at camera, posed portrait, direct camera stare, selfie angle, bad anatomy, deformed hands, extra fingers, missing fingers, distorted face, inconsistent face, different character identity, duplicate nurse, blurry, motion blur, low resolution, overexposed, underexposed, harsh shadows, unreadable text, random text, watermark, logo, signature, UI elements","","","15","content"
"M01-S09","16","S09","warm natural daylight, modest home interior","Second patient’s modest kitchen. Tess conducting initial assessment with elderly East Asian patient and daughter","","","","","Tessfront.png","tessleftside.png","Tessrightside.png","","","Photorealistic documentary-style home health training image. Second patient’s modest kitchen. Tess conducting initial assessment with elderly East Asian patient and daughter. Visual palette and lighting: warm natural daylight, modest home interior. Professional caregiver behavior, realistic modest home environment, emotionally grounded, natural body language, clear subject visibility, no staged stock-photo look.","cartoon, anime, illustration, CGI, fantasy, horror, gore, graphic wound, blood, emergency room, hospital setting, clinic setting, nursing home setting, facility hallway, police, weapon, disaster, chaotic emergency, exaggerated drama, unsafe clinical care, improper PPE, mask covering main character face, patient distress, restraint, unprofessional caregiver, dirty scrubs, messy hair, cluttered unsafe home, hoarding, luxury home, staged stock photo, corporate ad, smiling at camera, posed portrait, direct camera stare, selfie angle, bad anatomy, deformed hands, extra fingers, missing fingers, distorted face, inconsistent face, different character identity, duplicate nurse, blurry, motion blur, low resolution, overexposed, underexposed, harsh shadows, unreadable text, random text, watermark, logo, signature, UI elements","","","16","content"
"M01-S10","17","S10","natural kitchen daylight, documentary realism","Second patient’s kitchen table. Tess using teach-back method during insulin instruction, bracelet visible","","","","","Tessfront.png","tessleftside.png","Tessrightside.png","","","Photorealistic documentary-style home health training image. Second patient’s kitchen table. Tess using teach-back method during insulin instruction, bracelet visible. Visual palette and lighting: natural kitchen daylight, documentary realism. Professional caregiver behavior, realistic modest home environment, emotionally grounded, natural body language, clear subject visibility, no staged stock-photo look.","cartoon, anime, illustration, CGI, fantasy, horror, gore, graphic wound, blood, emergency room, hospital setting, clinic setting, nursing home setting, facility hallway, police, weapon, disaster, chaotic emergency, exaggerated drama, unsafe clinical care, improper PPE, mask covering main character face, patient distress, restraint, unprofessional caregiver, dirty scrubs, messy hair, cluttered unsafe home, hoarding, luxury home, staged stock photo, corporate ad, smiling at camera, posed portrait, direct camera stare, selfie angle, bad anatomy, deformed hands, extra fingers, missing fingers, distorted face, inconsistent face, different character identity, duplicate nurse, blurry, motion blur, low resolution, overexposed, underexposed, harsh shadows, unreadable text, random text, watermark, logo, signature, UI elements","","","17","content"
"M01-S11","18","S11","warm natural home lighting, clinical documentary","Third patient’s bedroom. Tess addressing gender-concordant care request with family, professional and respectful","","","","","Tessfront.png","tessleftside.png","Tessrightside.png","","","Photorealistic documentary-style home health training image. Third patient’s bedroom. Tess addressing gender-concordant care request with family, professional and respectful. Visual palette and lighting: warm natural home lighting, clinical documentary. Professional caregiver behavior, realistic modest home environment, emotionally grounded, natural body language, clear subject visibility, no staged stock-photo look.","cartoon, anime, illustration, CGI, fantasy, horror, gore, graphic wound, blood, emergency room, hospital setting, clinic setting, nursing home setting, facility hallway, police, weapon, disaster, chaotic emergency, exaggerated drama, unsafe clinical care, improper PPE, mask covering main character face, patient distress, restraint, unprofessional caregiver, dirty scrubs, messy hair, cluttered unsafe home, hoarding, luxury home, staged stock photo, corporate ad, smiling at camera, posed portrait, direct camera stare, selfie angle, bad anatomy, deformed hands, extra fingers, missing fingers, distorted face, inconsistent face, different character identity, duplicate nurse, blurry, motion blur, low resolution, overexposed, underexposed, harsh shadows, unreadable text, random text, watermark, logo, signature, UI elements","","","18","content"
"M01-S12","19","S12","warm afternoon bedroom light, documentary style","Third patient’s bedroom. Tess performing wound care after proper consent and accommodation, bracelet visible","","","","","Tessfront.png","tessleftside.png","Tessrightside.png","","","Photorealistic documentary-style home health training image. Third patient’s bedroom. Tess performing wound care after proper consent and accommodation, bracelet visible. Visual palette and lighting: warm afternoon bedroom light, documentary style. Professional caregiver behavior, realistic modest home environment, emotionally grounded, natural body language, clear subject visibility, no staged stock-photo look.","cartoon, anime, illustration, CGI, fantasy, horror, gore, graphic wound, blood, emergency room, hospital setting, clinic setting, nursing home setting, facility hallway, police, weapon, disaster, chaotic emergency, exaggerated drama, unsafe clinical care, improper PPE, mask covering main character face, patient distress, restraint, unprofessional caregiver, dirty scrubs, messy hair, cluttered unsafe home, hoarding, luxury home, staged stock photo, corporate ad, smiling at camera, posed portrait, direct camera stare, selfie angle, bad anatomy, deformed hands, extra fingers, missing fingers, distorted face, inconsistent face, different character identity, duplicate nurse, blurry, motion blur, low resolution, overexposed, underexposed, harsh shadows, unreadable text, random text, watermark, logo, signature, UI elements","","","19","content"
"M01-S13","20","S13","cool fluorescent agency lighting, professional documentary","Agency nursing station. Tess documenting visits and escalating concerns to supervisor","","","","","Tessfront.png","tessleftside.png","Tessrightside.png","","","Photorealistic documentary-style home health training image. Agency nursing station. Tess documenting visits and escalating concerns to supervisor. Visual palette and lighting: cool fluorescent agency lighting, professional documentary. Professional caregiver behavior, realistic modest home environment, emotionally grounded, natural body language, clear subject visibility, no staged stock-photo look.","cartoon, anime, illustration, CGI, fantasy, horror, gore, graphic wound, blood, emergency room, hospital setting, clinic setting, nursing home setting, facility hallway, police, weapon, disaster, chaotic emergency, exaggerated drama, unsafe clinical care, improper PPE, mask covering main character face, patient distress, restraint, unprofessional caregiver, dirty scrubs, messy hair, cluttered unsafe home, hoarding, luxury home, staged stock photo, corporate ad, smiling at camera, posed portrait, direct camera stare, selfie angle, bad anatomy, deformed hands, extra fingers, missing fingers, distorted face, inconsistent face, different character identity, duplicate nurse, blurry, motion blur, low resolution, overexposed, underexposed, harsh shadows, unreadable text, random text, watermark, logo, signature, UI elements","","","20","content"
"M01-S14","21","S14","warm golden late afternoon light, residential exterior documentary","Mr. Henderson’s front porch. Tess leaving after successful visit, patient showing gratitude, bracelet catching golden light","","","","","Tessfront.png","tessleftside.png","Tessrightside.png","","","Photorealistic documentary-style home health training image. Mr. Henderson’s front porch. Tess leaving after successful visit, patient showing gratitude, bracelet catching golden light. Visual palette and lighting: warm golden late afternoon light, residential exterior documentary. Professional caregiver behavior, realistic modest home environment, emotionally grounded, natural body language, clear subject visibility, no staged stock-photo look.","cartoon, anime, illustration, CGI, fantasy, horror, gore, graphic wound, blood, emergency room, hospital setting, clinic setting, nursing home setting, facility hallway, police, weapon, disaster, chaotic emergency, exaggerated drama, unsafe clinical care, improper PPE, mask covering main character face, patient distress, restraint, unprofessional caregiver, dirty scrubs, messy hair, cluttered unsafe home, hoarding, luxury home, staged stock photo, corporate ad, smiling at camera, posed portrait, direct camera stare, selfie angle, bad anatomy, deformed hands, extra fingers, missing fingers, distorted face, inconsistent face, different character identity, duplicate nurse, blurry, motion blur, low resolution, overexposed, underexposed, harsh shadows, unreadable text, random text, watermark, logo, signature, UI elements","","","21","content"
"M01-S15","22","S15","pre-dawn warm + cool blue light, intimate documentary","Filipino kitchen at 4:45 AM. Tess preparing for the day, rice cooker and garlic sounds, reflective moment","","","","","Tessfront.png","tessleftside.png","Tessrightside.png","","","Photorealistic documentary-style home health training image. Filipino kitchen at 4:45 AM. Tess preparing for the day, rice cooker and garlic sounds, reflective moment. Visual palette and lighting: pre-dawn warm + cool blue light, intimate documentary. Professional caregiver behavior, realistic modest home environment, emotionally grounded, natural body language, clear subject visibility, no staged stock-photo look.","cartoon, anime, illustration, CGI, fantasy, horror, gore, graphic wound, blood, emergency room, hospital setting, clinic setting, nursing home setting, facility hallway, police, weapon, disaster, chaotic emergency, exaggerated drama, unsafe clinical care, improper PPE, mask covering main character face, patient distress, restraint, unprofessional caregiver, dirty scrubs, messy hair, cluttered unsafe home, hoarding, luxury home, staged stock photo, corporate ad, smiling at camera, posed portrait, direct camera stare, selfie angle, bad anatomy, deformed hands, extra fingers, missing fingers, distorted face, inconsistent face, different character identity, duplicate nurse, blurry, motion blur, low resolution, overexposed, underexposed, harsh shadows, unreadable text, random text, watermark, logo, signature, UI elements","","","22","content"
"M01-S16","23","S16","warm morning kitchen light, emotional documentary realism","Tess performing Mano Po with lola, moment of blessing and guidance","","","","","Tessfront.png","tessleftside.png","Tessrightside.png","","","Photorealistic documentary-style home health training image. Tess performing Mano Po with lola, moment of blessing and guidance. Visual palette and lighting: warm morning kitchen light, emotional documentary realism. Professional caregiver behavior, realistic modest home environment, emotionally grounded, natural body language, clear subject visibility, no staged stock-photo look.","cartoon, anime, illustration, CGI, fantasy, horror, gore, graphic wound, blood, emergency room, hospital setting, clinic setting, nursing home setting, facility hallway, police, weapon, disaster, chaotic emergency, exaggerated drama, unsafe clinical care, improper PPE, mask covering main character face, patient distress, restraint, unprofessional caregiver, dirty scrubs, messy hair, cluttered unsafe home, hoarding, luxury home, staged stock photo, corporate ad, smiling at camera, posed portrait, direct camera stare, selfie angle, bad anatomy, deformed hands, extra fingers, missing fingers, distorted face, inconsistent face, different character identity, duplicate nurse, blurry, motion blur, low resolution, overexposed, underexposed, harsh shadows, unreadable text, random text, watermark, logo, signature, UI elements","","","23","content"
"M01-S17","24","S17","bright clinical office lighting, professional documentary","Agency orientation or supervisor meeting room. Tess receiving feedback on cultural competence","","","","","Tessfront.png","tessleftside.png","Tessrightside.png","","","Photorealistic documentary-style home health training image. Agency orientation or supervisor meeting room. Tess receiving feedback on cultural competence. Visual palette and lighting: bright clinical office lighting, professional documentary. Professional caregiver behavior, realistic modest home environment, emotionally grounded, natural body language, clear subject visibility, no staged stock-photo look.","cartoon, anime, illustration, CGI, fantasy, horror, gore, graphic wound, blood, emergency room, hospital setting, clinic setting, nursing home setting, facility hallway, police, weapon, disaster, chaotic emergency, exaggerated drama, unsafe clinical care, improper PPE, mask covering main character face, patient distress, restraint, unprofessional caregiver, dirty scrubs, messy hair, cluttered unsafe home, hoarding, luxury home, staged stock photo, corporate ad, smiling at camera, posed portrait, direct camera stare, selfie angle, bad anatomy, deformed hands, extra fingers, missing fingers, distorted face, inconsistent face, different character identity, duplicate nurse, blurry, motion blur, low resolution, overexposed, underexposed, harsh shadows, unreadable text, random text, watermark, logo, signature, UI elements","","","24","content"
"M01-S18","25","S18","natural morning light, modest American home exterior","Mr. Henderson’s front door. Tess arriving, patient using walker, initial cautious greeting","","","","","Tessfront.png","tessleftside.png","Tessrightside.png","","","Photorealistic documentary-style home health training image. Mr. Henderson’s front door. Tess arriving, patient using walker, initial cautious greeting. Visual palette and lighting: natural morning light, modest American home exterior. Professional caregiver behavior, realistic modest home environment, emotionally grounded, natural body language, clear subject visibility, no staged stock-photo look.","cartoon, anime, illustration, CGI, fantasy, horror, gore, graphic wound, blood, emergency room, hospital setting, clinic setting, nursing home setting, facility hallway, police, weapon, disaster, chaotic emergency, exaggerated drama, unsafe clinical care, improper PPE, mask covering main character face, patient distress, restraint, unprofessional caregiver, dirty scrubs, messy hair, cluttered unsafe home, hoarding, luxury home, staged stock photo, corporate ad, smiling at camera, posed portrait, direct camera stare, selfie angle, bad anatomy, deformed hands, extra fingers, missing fingers, distorted face, inconsistent face, different character identity, duplicate nurse, blurry, motion blur, low resolution, overexposed, underexposed, harsh shadows, unreadable text, random text, watermark, logo, signature, UI elements","","","25","content"
"M01-S19","26","S19","soft natural bedroom light, clinical documentary","Mr. Henderson’s bedroom. Tess assessing wound, explaining procedure clearly","","","","","Tessfront.png","tessleftside.png","Tessrightside.png","","","Photorealistic documentary-style home health training image. Mr. Henderson’s bedroom. Tess assessing wound, explaining procedure clearly. Visual palette and lighting: soft natural bedroom light, clinical documentary. Professional caregiver behavior, realistic modest home environment, emotionally grounded, natural body language, clear subject visibility, no staged stock-photo look.","cartoon, anime, illustration, CGI, fantasy, horror, gore, graphic wound, blood, emergency room, hospital setting, clinic setting, nursing home setting, facility hallway, police, weapon, disaster, chaotic emergency, exaggerated drama, unsafe clinical care, improper PPE, mask covering main character face, patient distress, restraint, unprofessional caregiver, dirty scrubs, messy hair, cluttered unsafe home, hoarding, luxury home, staged stock photo, corporate ad, smiling at camera, posed portrait, direct camera stare, selfie angle, bad anatomy, deformed hands, extra fingers, missing fingers, distorted face, inconsistent face, different character identity, duplicate nurse, blurry, motion blur, low resolution, overexposed, underexposed, harsh shadows, unreadable text, random text, watermark, logo, signature, UI elements","","","26","content"
"M01-S20","27","S20","warm kitchen daylight, home care documentary","Mr. Henderson’s kitchen table. Tess reviewing medications and care plan","","","","","Tessfront.png","tessleftside.png","Tessrightside.png","","","Photorealistic documentary-style home health training image. Mr. Henderson’s kitchen table. Tess reviewing medications and care plan. Visual palette and lighting: warm kitchen daylight, home care documentary. Professional caregiver behavior, realistic modest home environment, emotionally grounded, natural body language, clear subject visibility, no staged stock-photo look.","cartoon, anime, illustration, CGI, fantasy, horror, gore, graphic wound, blood, emergency room, hospital setting, clinic setting, nursing home setting, facility hallway, police, weapon, disaster, chaotic emergency, exaggerated drama, unsafe clinical care, improper PPE, mask covering main character face, patient distress, restraint, unprofessional caregiver, dirty scrubs, messy hair, cluttered unsafe home, hoarding, luxury home, staged stock photo, corporate ad, smiling at camera, posed portrait, direct camera stare, selfie angle, bad anatomy, deformed hands, extra fingers, missing fingers, distorted face, inconsistent face, different character identity, duplicate nurse, blurry, motion blur, low resolution, overexposed, underexposed, harsh shadows, unreadable text, random text, watermark, logo, signature, UI elements","","","27","content"
"M01-S21","28","S21","warm natural home lighting, documentary realism","Mr. Henderson’s living room. Tess using teach-back with patient","","","","","Tessfront.png","tessleftside.png","Tessrightside.png","","","Photorealistic documentary-style home health training image. Mr. Henderson’s living room. Tess using teach-back with patient. Visual palette and lighting: warm natural home lighting, documentary realism. Professional caregiver behavior, realistic modest home environment, emotionally grounded, natural body language, clear subject visibility, no staged stock-photo look.","cartoon, anime, illustration, CGI, fantasy, horror, gore, graphic wound, blood, emergency room, hospital setting, clinic setting, nursing home setting, facility hallway, police, weapon, disaster, chaotic emergency, exaggerated drama, unsafe clinical care, improper PPE, mask covering main character face, patient distress, restraint, unprofessional caregiver, dirty scrubs, messy hair, cluttered unsafe home, hoarding, luxury home, staged stock photo, corporate ad, smiling at camera, posed portrait, direct camera stare, selfie angle, bad anatomy, deformed hands, extra fingers, missing fingers, distorted face, inconsistent face, different character identity, duplicate nurse, blurry, motion blur, low resolution, overexposed, underexposed, harsh shadows, unreadable text, random text, watermark, logo, signature, UI elements","","","28","content"
"M01-S22","29","S22","natural daylight, clinical home setting","Third patient home. Tess managing gender accommodation request professionally","","","","","Tessfront.png","tessleftside.png","Tessrightside.png","","","Photorealistic documentary-style home health training image. Third patient home. Tess managing gender accommodation request professionally. Visual palette and lighting: natural daylight, clinical home setting. Professional caregiver behavior, realistic modest home environment, emotionally grounded, natural body language, clear subject visibility, no staged stock-photo look.","cartoon, anime, illustration, CGI, fantasy, horror, gore, graphic wound, blood, emergency room, hospital setting, clinic setting, nursing home setting, facility hallway, police, weapon, disaster, chaotic emergency, exaggerated drama, unsafe clinical care, improper PPE, mask covering main character face, patient distress, restraint, unprofessional caregiver, dirty scrubs, messy hair, cluttered unsafe home, hoarding, luxury home, staged stock photo, corporate ad, smiling at camera, posed portrait, direct camera stare, selfie angle, bad anatomy, deformed hands, extra fingers, missing fingers, distorted face, inconsistent face, different character identity, duplicate nurse, blurry, motion blur, low resolution, overexposed, underexposed, harsh shadows, unreadable text, random text, watermark, logo, signature, UI elements","","","29","content"
"M01-S23","30","S23","warm bedroom afternoon light, documentary style","Third patient bedroom. Tess completing wound care with full consent and respect","","","","","Tessfront.png","tessleftside.png","Tessrightside.png","","","Photorealistic documentary-style home health training image. Third patient bedroom. Tess completing wound care with full consent and respect. Visual palette and lighting: warm bedroom afternoon light, documentary style. Professional caregiver behavior, realistic modest home environment, emotionally grounded, natural body language, clear subject visibility, no staged stock-photo look.","cartoon, anime, illustration, CGI, fantasy, horror, gore, graphic wound, blood, emergency room, hospital setting, clinic setting, nursing home setting, facility hallway, police, weapon, disaster, chaotic emergency, exaggerated drama, unsafe clinical care, improper PPE, mask covering main character face, patient distress, restraint, unprofessional caregiver, dirty scrubs, messy hair, cluttered unsafe home, hoarding, luxury home, staged stock photo, corporate ad, smiling at camera, posed portrait, direct camera stare, selfie angle, bad anatomy, deformed hands, extra fingers, missing fingers, distorted face, inconsistent face, different character identity, duplicate nurse, blurry, motion blur, low resolution, overexposed, underexposed, harsh shadows, unreadable text, random text, watermark, logo, signature, UI elements","","","30","content"
"M01-S24","31","S24","cool clinical lighting, agency documentary","Agency workstation. Tess completing thorough documentation after visits","","","","","Tessfront.png","tessleftside.png","Tessrightside.png","","","Photorealistic documentary-style home health training image. Agency workstation. Tess completing thorough documentation after visits. Visual palette and lighting: cool clinical lighting, agency documentary. Professional caregiver behavior, realistic modest home environment, emotionally grounded, natural body language, clear subject visibility, no staged stock-photo look.","cartoon, anime, illustration, CGI, fantasy, horror, gore, graphic wound, blood, emergency room, hospital setting, clinic setting, nursing home setting, facility hallway, police, weapon, disaster, chaotic emergency, exaggerated drama, unsafe clinical care, improper PPE, mask covering main character face, patient distress, restraint, unprofessional caregiver, dirty scrubs, messy hair, cluttered unsafe home, hoarding, luxury home, staged stock photo, corporate ad, smiling at camera, posed portrait, direct camera stare, selfie angle, bad anatomy, deformed hands, extra fingers, missing fingers, distorted face, inconsistent face, different character identity, duplicate nurse, blurry, motion blur, low resolution, overexposed, underexposed, harsh shadows, unreadable text, random text, watermark, logo, signature, UI elements","","","31","content"
"M01-S25","32","S25","warm golden afternoon light, residential porch documentary","Mr. Henderson’s porch. Later visit — patient more confident, expressing quiet gratitude, Tess touching bracelet","","","","","Tessfront.png","tessleftside.png","Tessrightside.png","","","Photorealistic documentary-style home health training image. Mr. Henderson’s porch. Later visit — patient more confident, expressing quiet gratitude, Tess touching bracelet. Visual palette and lighting: warm golden afternoon light, residential porch documentary. Professional caregiver behavior, realistic modest home environment, emotionally grounded, natural body language, clear subject visibility, no staged stock-photo look.","cartoon, anime, illustration, CGI, fantasy, horror, gore, graphic wound, blood, emergency room, hospital setting, clinic setting, nursing home setting, facility hallway, police, weapon, disaster, chaotic emergency, exaggerated drama, unsafe clinical care, improper PPE, mask covering main character face, patient distress, restraint, unprofessional caregiver, dirty scrubs, messy hair, cluttered unsafe home, hoarding, luxury home, staged stock photo, corporate ad, smiling at camera, posed portrait, direct camera stare, selfie angle, bad anatomy, deformed hands, extra fingers, missing fingers, distorted face, inconsistent face, different character identity, duplicate nurse, blurry, motion blur, low resolution, overexposed, underexposed, harsh shadows, unreadable text, random text, watermark, logo, signature, UI elements","","","32","content"
"M01-S26","33","S26","modern office fluorescent + natural window light, professional documentary realism","Agency Director’s office. Older Tess (early 50s) at desk, aged bracelet visible, looking at camera with earned authority","","","","","Tessfront.png","tessleftside.png","Tessrightside.png","","","Photorealistic documentary-style home health training image. Agency Director’s office. Older Tess (early 50s) at desk, aged bracelet visible, looking at camera with earned authority. Visual palette and lighting: modern office fluorescent + natural window light, professional documentary realism. Professional caregiver behavior, realistic modest home environment, emotionally grounded, natural body language, clear subject visibility, no staged stock-photo look.","cartoon, anime, illustration, CGI, fantasy, horror, gore, graphic wound, blood, emergency room, hospital setting, clinic setting, nursing home setting, facility hallway, police, weapon, disaster, chaotic emergency, exaggerated drama, unsafe clinical care, improper PPE, mask covering main character face, patient distress, restraint, unprofessional caregiver, dirty scrubs, messy hair, cluttered unsafe home, hoarding, luxury home, staged stock photo, corporate ad, smiling at camera, posed portrait, direct camera stare, selfie angle, bad anatomy, deformed hands, extra fingers, missing fingers, distorted face, inconsistent face, different character identity, duplicate nurse, blurry, motion blur, low resolution, overexposed, underexposed, harsh shadows, unreadable text, random text, watermark, logo, signature, UI elements","","","33","content | NOTE: Older Tess (50s) - create dedicated older Tess reference for better age consistency"
"M01-S27","34","S27","warm documentary realism, soft incandescent evening light, golden-orange parol lantern glow, quiet contemplative mood, 35mm lens, film grain","Tess's modest Filipino living room (sala) in Manila, evening before departure. Seated at small wooden dining table, packed duffel bag, navy scrubs folded, bracelet visible, parol lantern glowing","","","","","Tessfront.png","tessleftside.png","Tessrightside.png","","","Photorealistic documentary-style home health training image. Tess's modest Filipino living room (sala) in Manila, evening before departure. Seated at small wooden dining table, packed duffel bag, navy scrubs folded, bracelet visible, parol lantern glowing. Visual palette and lighting: warm documentary realism, soft incandescent evening light, golden-orange parol lantern glow, quiet contemplative mood, 35mm lens, film grain. Professional caregiver behavior, realistic modest home environment, emotionally grounded, natural body language, clear subject visibility, no staged stock-photo look.","cartoon, anime, illustration, CGI, fantasy, horror, gore, graphic wound, blood, emergency room, hospital setting, clinic setting, nursing home setting, facility hallway, police, weapon, disaster, chaotic emergency, exaggerated drama, unsafe clinical care, improper PPE, mask covering main character face, patient distress, restraint, unprofessional caregiver, dirty scrubs, messy hair, cluttered unsafe home, hoarding, luxury home, staged stock photo, corporate ad, smiling at camera, posed portrait, direct camera stare, selfie angle, bad anatomy, deformed hands, extra fingers, missing fingers, distorted face, inconsistent face, different character identity, duplicate nurse, blurry, motion blur, low resolution, overexposed, underexposed, harsh shadows, unreadable text, random text, watermark, logo, signature, UI elements","","","34","content"
"M01-S28","35","S28","warm natural daylight, modest Philippine home bedroom documentary","Modest Philippine home bedroom. Tess teaching elderly patient medications, patient nodding, Tess verifying comprehension","","","","","Tessfront.png","tessleftside.png","Tessrightside.png","","","Photorealistic documentary-style home health training image. Modest Philippine home bedroom. Tess teaching elderly patient medications, patient nodding, Tess verifying comprehension. Visual palette and lighting: warm natural daylight, modest Philippine home bedroom documentary. Professional caregiver behavior, realistic modest home environment, emotionally grounded, natural body language, clear subject visibility, no staged stock-photo look.","cartoon, anime, illustration, CGI, fantasy, horror, gore, graphic wound, blood, emergency room, hospital setting, clinic setting, nursing home setting, facility hallway, police, weapon, disaster, chaotic emergency, exaggerated drama, unsafe clinical care, improper PPE, mask covering main character face, patient distress, restraint, unprofessional caregiver, dirty scrubs, messy hair, cluttered unsafe home, hoarding, luxury home, staged stock photo, corporate ad, smiling at camera, posed portrait, direct camera stare, selfie angle, bad anatomy, deformed hands, extra fingers, missing fingers, distorted face, inconsistent face, different character identity, duplicate nurse, blurry, motion blur, low resolution, overexposed, underexposed, harsh shadows, unreadable text, random text, watermark, logo, signature, UI elements","","","35","content"
"M01-S29","36","S29","cool fluorescent agency hallway, professional documentary","Agency nursing station hallway. Charge nurse giving feedback to Tess on documentation","","","","","Tessfront.png","tessleftside.png","Tessrightside.png","","","Photorealistic documentary-style home health training image. Agency nursing station hallway. Charge nurse giving feedback to Tess on documentation. Visual palette and lighting: cool fluorescent agency hallway, professional documentary. Professional caregiver behavior, realistic modest home environment, emotionally grounded, natural body language, clear subject visibility, no staged stock-photo look.","cartoon, anime, illustration, CGI, fantasy, horror, gore, graphic wound, blood, emergency room, hospital setting, clinic setting, nursing home setting, facility hallway, police, weapon, disaster, chaotic emergency, exaggerated drama, unsafe clinical care, improper PPE, mask covering main character face, patient distress, restraint, unprofessional caregiver, dirty scrubs, messy hair, cluttered unsafe home, hoarding, luxury home, staged stock photo, corporate ad, smiling at camera, posed portrait, direct camera stare, selfie angle, bad anatomy, deformed hands, extra fingers, missing fingers, distorted face, inconsistent face, different character identity, duplicate nurse, blurry, motion blur, low resolution, overexposed, underexposed, harsh shadows, unreadable text, random text, watermark, logo, signature, UI elements","","","36","content"
"M01-S30","37","S30","natural morning exterior light, residential documentary","Residential front porch. Tess politely declining family interpreter offer","","","","","Tessfront.png","tessleftside.png","Tessrightside.png","","","Photorealistic documentary-style home health training image. Residential front porch. Tess politely declining family interpreter offer. Visual palette and lighting: natural morning exterior light, residential documentary. Professional caregiver behavior, realistic modest home environment, emotionally grounded, natural body language, clear subject visibility, no staged stock-photo look.","cartoon, anime, illustration, CGI, fantasy, horror, gore, graphic wound, blood, emergency room, hospital setting, clinic setting, nursing home setting, facility hallway, police, weapon, disaster, chaotic emergency, exaggerated drama, unsafe clinical care, improper PPE, mask covering main character face, patient distress, restraint, unprofessional caregiver, dirty scrubs, messy hair, cluttered unsafe home, hoarding, luxury home, staged stock photo, corporate ad, smiling at camera, posed portrait, direct camera stare, selfie angle, bad anatomy, deformed hands, extra fingers, missing fingers, distorted face, inconsistent face, different character identity, duplicate nurse, blurry, motion blur, low resolution, overexposed, underexposed, harsh shadows, unreadable text, random text, watermark, logo, signature, UI elements","","","37","content"
"M01-S31","38","S31","cool clinical urgent care lighting, documentary realism","Urgent care room showing consequence of using unqualified interpreter","","","","","Tessfront.png","tessleftside.png","Tessrightside.png","","","Photorealistic documentary-style home health training image. Urgent care room showing consequence of using unqualified interpreter. Visual palette and lighting: cool clinical urgent care lighting, documentary realism. Professional caregiver behavior, realistic modest home environment, emotionally grounded, natural body language, clear subject visibility, no staged stock-photo look.","cartoon, anime, illustration, CGI, fantasy, horror, gore, graphic wound, blood, emergency room, hospital setting, clinic setting, nursing home setting, facility hallway, police, weapon, disaster, chaotic emergency, exaggerated drama, unsafe clinical care, improper PPE, mask covering main character face, patient distress, restraint, unprofessional caregiver, dirty scrubs, messy hair, cluttered unsafe home, hoarding, luxury home, staged stock photo, corporate ad, smiling at camera, posed portrait, direct camera stare, selfie angle, bad anatomy, deformed hands, extra fingers, missing fingers, distorted face, inconsistent face, different character identity, duplicate nurse, blurry, motion blur, low resolution, overexposed, underexposed, harsh shadows, unreadable text, random text, watermark, logo, signature, UI elements","","","38","content"
"M01-S32","39","S32","natural daylight home interior, documentary style","Patient home living room. Family requesting gender-concordant care, Tess assessing wound urgency","","","","","Tessfront.png","tessleftside.png","Tessrightside.png","","","Photorealistic documentary-style home health training image. Patient home living room. Family requesting gender-concordant care, Tess assessing wound urgency. Visual palette and lighting: natural daylight home interior, documentary style. Professional caregiver behavior, realistic modest home environment, emotionally grounded, natural body language, clear subject visibility, no staged stock-photo look.","cartoon, anime, illustration, CGI, fantasy, horror, gore, graphic wound, blood, emergency room, hospital setting, clinic setting, nursing home setting, facility hallway, police, weapon, disaster, chaotic emergency, exaggerated drama, unsafe clinical care, improper PPE, mask covering main character face, patient distress, restraint, unprofessional caregiver, dirty scrubs, messy hair, cluttered unsafe home, hoarding, luxury home, staged stock photo, corporate ad, smiling at camera, posed portrait, direct camera stare, selfie angle, bad anatomy, deformed hands, extra fingers, missing fingers, distorted face, inconsistent face, different character identity, duplicate nurse, blurry, motion blur, low resolution, overexposed, underexposed, harsh shadows, unreadable text, random text, watermark, logo, signature, UI elements","","","39","content"
"M01-S33","40","S33","natural daylight exterior, residential walkway documentary","Patient home walkway. Tess on phone escalating to supervisor with chart open","","","","","Tessfront.png","tessleftside.png","Tessrightside.png","","","Photorealistic documentary-style home health training image. Patient home walkway. Tess on phone escalating to supervisor with chart open. Visual palette and lighting: natural daylight exterior, residential walkway documentary. Professional caregiver behavior, realistic modest home environment, emotionally grounded, natural body language, clear subject visibility, no staged stock-photo look.","cartoon, anime, illustration, CGI, fantasy, horror, gore, graphic wound, blood, emergency room, hospital setting, clinic setting, nursing home setting, facility hallway, police, weapon, disaster, chaotic emergency, exaggerated drama, unsafe clinical care, improper PPE, mask covering main character face, patient distress, restraint, unprofessional caregiver, dirty scrubs, messy hair, cluttered unsafe home, hoarding, luxury home, staged stock photo, corporate ad, smiling at camera, posed portrait, direct camera stare, selfie angle, bad anatomy, deformed hands, extra fingers, missing fingers, distorted face, inconsistent face, different character identity, duplicate nurse, blurry, motion blur, low resolution, overexposed, underexposed, harsh shadows, unreadable text, random text, watermark, logo, signature, UI elements","","","40","content"
"M01-S34","41","S34","pre-dawn domestic lighting, intimate documentary","Pre-dawn Quezon City kitchen and bedroom. Tess preparing nursing bag, touching lola’s photo","","","","","Tessfront.png","tessleftside.png","Tessrightside.png","","","Photorealistic documentary-style home health training image. Pre-dawn Quezon City kitchen and bedroom. Tess preparing nursing bag, touching lola’s photo. Visual palette and lighting: pre-dawn domestic lighting, intimate documentary. Professional caregiver behavior, realistic modest home environment, emotionally grounded, natural body language, clear subject visibility, no staged stock-photo look.","cartoon, anime, illustration, CGI, fantasy, horror, gore, graphic wound, blood, emergency room, hospital setting, clinic setting, nursing home setting, facility hallway, police, weapon, disaster, chaotic emergency, exaggerated drama, unsafe clinical care, improper PPE, mask covering main character face, patient distress, restraint, unprofessional caregiver, dirty scrubs, messy hair, cluttered unsafe home, hoarding, luxury home, staged stock photo, corporate ad, smiling at camera, posed portrait, direct camera stare, selfie angle, bad anatomy, deformed hands, extra fingers, missing fingers, distorted face, inconsistent face, different character identity, duplicate nurse, blurry, motion blur, low resolution, overexposed, underexposed, harsh shadows, unreadable text, random text, watermark, logo, signature, UI elements","","","41","content"
"M01-S35","42","S35","warm morning kitchen light, cultural documentary realism","Kitchen table. Tess performing Mano Po with lola","","","","","Tessfront.png","tessleftside.png","Tessrightside.png","","","Photorealistic documentary-style home health training image. Kitchen table. Tess performing Mano Po with lola. Visual palette and lighting: warm morning kitchen light, cultural documentary realism. Professional caregiver behavior, realistic modest home environment, emotionally grounded, natural body language, clear subject visibility, no staged stock-photo look.","cartoon, anime, illustration, CGI, fantasy, horror, gore, graphic wound, blood, emergency room, hospital setting, clinic setting, nursing home setting, facility hallway, police, weapon, disaster, chaotic emergency, exaggerated drama, unsafe clinical care, improper PPE, mask covering main character face, patient distress, restraint, unprofessional caregiver, dirty scrubs, messy hair, cluttered unsafe home, hoarding, luxury home, staged stock photo, corporate ad, smiling at camera, posed portrait, direct camera stare, selfie angle, bad anatomy, deformed hands, extra fingers, missing fingers, distorted face, inconsistent face, different character identity, duplicate nurse, blurry, motion blur, low resolution, overexposed, underexposed, harsh shadows, unreadable text, random text, watermark, logo, signature, UI elements","","","42","content"
"M01-S36","43","S36","natural daylight, American home living room documentary","Mr. Henderson’s living room. First visit interaction at doorway","","","","","Tessfront.png","tessleftside.png","Tessrightside.png","","","Photorealistic documentary-style home health training image. Mr. Henderson’s living room. First visit interaction at doorway. Visual palette and lighting: natural daylight, American home living room documentary. Professional caregiver behavior, realistic modest home environment, emotionally grounded, natural body language, clear subject visibility, no staged stock-photo look.","cartoon, anime, illustration, CGI, fantasy, horror, gore, graphic wound, blood, emergency room, hospital setting, clinic setting, nursing home setting, facility hallway, police, weapon, disaster, chaotic emergency, exaggerated drama, unsafe clinical care, improper PPE, mask covering main character face, patient distress, restraint, unprofessional caregiver, dirty scrubs, messy hair, cluttered unsafe home, hoarding, luxury home, staged stock photo, corporate ad, smiling at camera, posed portrait, direct camera stare, selfie angle, bad anatomy, deformed hands, extra fingers, missing fingers, distorted face, inconsistent face, different character identity, duplicate nurse, blurry, motion blur, low resolution, overexposed, underexposed, harsh shadows, unreadable text, random text, watermark, logo, signature, UI elements","","","43","content"
"M01-S37","44","S37","soft bedroom natural light, clinical documentary","Mr. Henderson’s bedroom. Wound care assessment","","","","","Tessfront.png","tessleftside.png","Tessrightside.png","","","Photorealistic documentary-style home health training image. Mr. Henderson’s bedroom. Wound care assessment. Visual palette and lighting: soft bedroom natural light, clinical documentary. Professional caregiver behavior, realistic modest home environment, emotionally grounded, natural body language, clear subject visibility, no staged stock-photo look.","cartoon, anime, illustration, CGI, fantasy, horror, gore, graphic wound, blood, emergency room, hospital setting, clinic setting, nursing home setting, facility hallway, police, weapon, disaster, chaotic emergency, exaggerated drama, unsafe clinical care, improper PPE, mask covering main character face, patient distress, restraint, unprofessional caregiver, dirty scrubs, messy hair, cluttered unsafe home, hoarding, luxury home, staged stock photo, corporate ad, smiling at camera, posed portrait, direct camera stare, selfie angle, bad anatomy, deformed hands, extra fingers, missing fingers, distorted face, inconsistent face, different character identity, duplicate nurse, blurry, motion blur, low resolution, overexposed, underexposed, harsh shadows, unreadable text, random text, watermark, logo, signature, UI elements","","","44","content"
"M01-S38","45","S38","warm kitchen daylight, home care documentary","Kitchen table care plan discussion","","","","","Tessfront.png","tessleftside.png","Tessrightside.png","","","Photorealistic documentary-style home health training image. Kitchen table care plan discussion. Visual palette and lighting: warm kitchen daylight, home care documentary. Professional caregiver behavior, realistic modest home environment, emotionally grounded, natural body language, clear subject visibility, no staged stock-photo look.","cartoon, anime, illustration, CGI, fantasy, horror, gore, graphic wound, blood, emergency room, hospital setting, clinic setting, nursing home setting, facility hallway, police, weapon, disaster, chaotic emergency, exaggerated drama, unsafe clinical care, improper PPE, mask covering main character face, patient distress, restraint, unprofessional caregiver, dirty scrubs, messy hair, cluttered unsafe home, hoarding, luxury home, staged stock photo, corporate ad, smiling at camera, posed portrait, direct camera stare, selfie angle, bad anatomy, deformed hands, extra fingers, missing fingers, distorted face, inconsistent face, different character identity, duplicate nurse, blurry, motion blur, low resolution, overexposed, underexposed, harsh shadows, unreadable text, random text, watermark, logo, signature, UI elements","","","45","content"
"M01-S39","46","S39","warm living room light, teach-back documentary","Living room teach-back session","","","","","Tessfront.png","tessleftside.png","Tessrightside.png","","","Photorealistic documentary-style home health training image. Living room teach-back session. Visual palette and lighting: warm living room light, teach-back documentary. Professional caregiver behavior, realistic modest home environment, emotionally grounded, natural body language, clear subject visibility, no staged stock-photo look.","cartoon, anime, illustration, CGI, fantasy, horror, gore, graphic wound, blood, emergency room, hospital setting, clinic setting, nursing home setting, facility hallway, police, weapon, disaster, chaotic emergency, exaggerated drama, unsafe clinical care, improper PPE, mask covering main character face, patient distress, restraint, unprofessional caregiver, dirty scrubs, messy hair, cluttered unsafe home, hoarding, luxury home, staged stock photo, corporate ad, smiling at camera, posed portrait, direct camera stare, selfie angle, bad anatomy, deformed hands, extra fingers, missing fingers, distorted face, inconsistent face, different character identity, duplicate nurse, blurry, motion blur, low resolution, overexposed, underexposed, harsh shadows, unreadable text, random text, watermark, logo, signature, UI elements","","","46","content"
"M01-S40","47","S40","natural home lighting, consent documentary","Bedroom informed consent and wound care moment","","","","","Tessfront.png","tessleftside.png","Tessrightside.png","","","Photorealistic documentary-style home health training image. Bedroom informed consent and wound care moment. Visual palette and lighting: natural home lighting, consent documentary. Professional caregiver behavior, realistic modest home environment, emotionally grounded, natural body language, clear subject visibility, no staged stock-photo look.","cartoon, anime, illustration, CGI, fantasy, horror, gore, graphic wound, blood, emergency room, hospital setting, clinic setting, nursing home setting, facility hallway, police, weapon, disaster, chaotic emergency, exaggerated drama, unsafe clinical care, improper PPE, mask covering main character face, patient distress, restraint, unprofessional caregiver, dirty scrubs, messy hair, cluttered unsafe home, hoarding, luxury home, staged stock photo, corporate ad, smiling at camera, posed portrait, direct camera stare, selfie angle, bad anatomy, deformed hands, extra fingers, missing fingers, distorted face, inconsistent face, different character identity, duplicate nurse, blurry, motion blur, low resolution, overexposed, underexposed, harsh shadows, unreadable text, random text, watermark, logo, signature, UI elements","","","47","content"
"M01-S41","48","S41","cool agency fluorescent, documentation documentary","Agency workstation end of shift, completed EHR visible","","","","","Tessfront.png","tessleftside.png","Tessrightside.png","","","Photorealistic documentary-style home health training image. Agency workstation end of shift, completed EHR visible. Visual palette and lighting: cool agency fluorescent, documentation documentary. Professional caregiver behavior, realistic modest home environment, emotionally grounded, natural body language, clear subject visibility, no staged stock-photo look.","cartoon, anime, illustration, CGI, fantasy, horror, gore, graphic wound, blood, emergency room, hospital setting, clinic setting, nursing home setting, facility hallway, police, weapon, disaster, chaotic emergency, exaggerated drama, unsafe clinical care, improper PPE, mask covering main character face, patient distress, restraint, unprofessional caregiver, dirty scrubs, messy hair, cluttered unsafe home, hoarding, luxury home, staged stock photo, corporate ad, smiling at camera, posed portrait, direct camera stare, selfie angle, bad anatomy, deformed hands, extra fingers, missing fingers, distorted face, inconsistent face, different character identity, duplicate nurse, blurry, motion blur, low resolution, overexposed, underexposed, harsh shadows, unreadable text, random text, watermark, logo, signature, UI elements","","","48","content"
"M01-S42","49","S42","bright morning agency fluorescent, pre-shift documentary realism","Agency nursing station 7:45 AM. Tess preparing structured pre-shift notes, interpreter activation, bracelet visible","","","","","Tessfront.png","tessleftside.png","Tessrightside.png","","","Photorealistic documentary-style home health training image. Agency nursing station 7:45 AM. Tess preparing structured pre-shift notes, interpreter activation, bracelet visible. Visual palette and lighting: bright morning agency fluorescent, pre-shift documentary realism. Professional caregiver behavior, realistic modest home environment, emotionally grounded, natural body language, clear subject visibility, no staged stock-photo look.","cartoon, anime, illustration, CGI, fantasy, horror, gore, graphic wound, blood, emergency room, hospital setting, clinic setting, nursing home setting, facility hallway, police, weapon, disaster, chaotic emergency, exaggerated drama, unsafe clinical care, improper PPE, mask covering main character face, patient distress, restraint, unprofessional caregiver, dirty scrubs, messy hair, cluttered unsafe home, hoarding, luxury home, staged stock photo, corporate ad, smiling at camera, posed portrait, direct camera stare, selfie angle, bad anatomy, deformed hands, extra fingers, missing fingers, distorted face, inconsistent face, different character identity, duplicate nurse, blurry, motion blur, low resolution, overexposed, underexposed, harsh shadows, unreadable text, random text, watermark, logo, signature, UI elements","","","49","challenge"
"M01-S43","50","S43","natural kitchen daylight, complex interaction documentary","Second patient’s kitchen table. Tess managing patient concern while gently pausing daughter’s translation offer","","","","","Tessfront.png","tessleftside.png","Tessrightside.png","","","Photorealistic documentary-style home health training image. Second patient’s kitchen table. Tess managing patient concern while gently pausing daughter’s translation offer. Visual palette and lighting: natural kitchen daylight, complex interaction documentary. Professional caregiver behavior, realistic modest home environment, emotionally grounded, natural body language, clear subject visibility, no staged stock-photo look.","cartoon, anime, illustration, CGI, fantasy, horror, gore, graphic wound, blood, emergency room, hospital setting, clinic setting, nursing home setting, facility hallway, police, weapon, disaster, chaotic emergency, exaggerated drama, unsafe clinical care, improper PPE, mask covering main character face, patient distress, restraint, unprofessional caregiver, dirty scrubs, messy hair, cluttered unsafe home, hoarding, luxury home, staged stock photo, corporate ad, smiling at camera, posed portrait, direct camera stare, selfie angle, bad anatomy, deformed hands, extra fingers, missing fingers, distorted face, inconsistent face, different character identity, duplicate nurse, blurry, motion blur, low resolution, overexposed, underexposed, harsh shadows, unreadable text, random text, watermark, logo, signature, UI elements","","","50","challenge"
"M01-S44","51","S44","natural kitchen daylight, thorough documentation documentary","Second patient’s kitchen table post-visit. Tess completing detailed EHR documentation","","","","","Tessfront.png","tessleftside.png","Tessrightside.png","","","Photorealistic documentary-style home health training image. Second patient’s kitchen table post-visit. Tess completing detailed EHR documentation. Visual palette and lighting: natural kitchen daylight, thorough documentation documentary. Professional caregiver behavior, realistic modest home environment, emotionally grounded, natural body language, clear subject visibility, no staged stock-photo look.","cartoon, anime, illustration, CGI, fantasy, horror, gore, graphic wound, blood, emergency room, hospital setting, clinic setting, nursing home setting, facility hallway, police, weapon, disaster, chaotic emergency, exaggerated drama, unsafe clinical care, improper PPE, mask covering main character face, patient distress, restraint, unprofessional caregiver, dirty scrubs, messy hair, cluttered unsafe home, hoarding, luxury home, staged stock photo, corporate ad, smiling at camera, posed portrait, direct camera stare, selfie angle, bad anatomy, deformed hands, extra fingers, missing fingers, distorted face, inconsistent face, different character identity, duplicate nurse, blurry, motion blur, low resolution, overexposed, underexposed, harsh shadows, unreadable text, random text, watermark, logo, signature, UI elements","","","51","challenge"
"M01-S45","52","S45","warm afternoon bedroom light, consent documentary","Third patient bedroom. Tess explaining procedure and confirming understanding before wound care","","","","","Tessfront.png","tessleftside.png","Tessrightside.png","","","Photorealistic documentary-style home health training image. Third patient bedroom. Tess explaining procedure and confirming understanding before wound care. Visual palette and lighting: warm afternoon bedroom light, consent documentary. Professional caregiver behavior, realistic modest home environment, emotionally grounded, natural body language, clear subject visibility, no staged stock-photo look.","cartoon, anime, illustration, CGI, fantasy, horror, gore, graphic wound, blood, emergency room, hospital setting, clinic setting, nursing home setting, facility hallway, police, weapon, disaster, chaotic emergency, exaggerated drama, unsafe clinical care, improper PPE, mask covering main character face, patient distress, restraint, unprofessional caregiver, dirty scrubs, messy hair, cluttered unsafe home, hoarding, luxury home, staged stock photo, corporate ad, smiling at camera, posed portrait, direct camera stare, selfie angle, bad anatomy, deformed hands, extra fingers, missing fingers, distorted face, inconsistent face, different character identity, duplicate nurse, blurry, motion blur, low resolution, overexposed, underexposed, harsh shadows, unreadable text, random text, watermark, logo, signature, UI elements","","","52","challenge"
"M01-S46","53","S46","warm afternoon bedroom light, closed-loop documentary","Third patient bedroom end of visit. Tess on phone escalating while documenting simultaneously","","","","","Tessfront.png","tessleftside.png","Tessrightside.png","","","Photorealistic documentary-style home health training image. Third patient bedroom end of visit. Tess on phone escalating while documenting simultaneously. Visual palette and lighting: warm afternoon bedroom light, closed-loop documentary. Professional caregiver behavior, realistic modest home environment, emotionally grounded, natural body language, clear subject visibility, no staged stock-photo look.","cartoon, anime, illustration, CGI, fantasy, horror, gore, graphic wound, blood, emergency room, hospital setting, clinic setting, nursing home setting, facility hallway, police, weapon, disaster, chaotic emergency, exaggerated drama, unsafe clinical care, improper PPE, mask covering main character face, patient distress, restraint, unprofessional caregiver, dirty scrubs, messy hair, cluttered unsafe home, hoarding, luxury home, staged stock photo, corporate ad, smiling at camera, posed portrait, direct camera stare, selfie angle, bad anatomy, deformed hands, extra fingers, missing fingers, distorted face, inconsistent face, different character identity, duplicate nurse, blurry, motion blur, low resolution, overexposed, underexposed, harsh shadows, unreadable text, random text, watermark, logo, signature, UI elements","","","53","challenge"
"M01-S47","54","S47","cool fluorescent end-of-shift lighting, reflective documentary realism","Agency workstation 6:05 PM. Empty desk with completed notes, clipboard, and evidence of full documented shift","","","","","Tessfront.png","tessleftside.png","Tessrightside.png","","","Photorealistic documentary-style home health training image. Agency workstation 6:05 PM. Empty desk with completed notes, clipboard, and evidence of full documented shift. Visual palette and lighting: cool fluorescent end-of-shift lighting, reflective documentary realism. Professional caregiver behavior, realistic modest home environment, emotionally grounded, natural body language, clear subject visibility, no staged stock-photo look.","cartoon, anime, illustration, CGI, fantasy, horror, gore, graphic wound, blood, emergency room, hospital setting, clinic setting, nursing home setting, facility hallway, police, weapon, disaster, chaotic emergency, exaggerated drama, unsafe clinical care, improper PPE, mask covering main character face, patient distress, restraint, unprofessional caregiver, dirty scrubs, messy hair, cluttered unsafe home, hoarding, luxury home, staged stock photo, corporate ad, smiling at camera, posed portrait, direct camera stare, selfie angle, bad anatomy, deformed hands, extra fingers, missing fingers, distorted face, inconsistent face, different character identity, duplicate nurse, blurry, motion blur, low resolution, overexposed, underexposed, harsh shadows, unreadable text, random text, watermark, logo, signature, UI elements","","","54","debrief"
"M01-S48","55","S48","warm golden late afternoon light, earned gratitude documentary","Mr. Henderson’s front doorway. Later visit — patient expressing quiet thanks, Tess touching bracelet in golden light","","","","","Tessfront.png","tessleftside.png","Tessrightside.png","","","Photorealistic documentary-style home health training image. Mr. Henderson’s front doorway. Later visit — patient expressing quiet thanks, Tess touching bracelet in golden light. Visual palette and lighting: warm golden late afternoon light, earned gratitude documentary. Professional caregiver behavior, realistic modest home environment, emotionally grounded, natural body language, clear subject visibility, no staged stock-photo look.","cartoon, anime, illustration, CGI, fantasy, horror, gore, graphic wound, blood, emergency room, hospital setting, clinic setting, nursing home setting, facility hallway, police, weapon, disaster, chaotic emergency, exaggerated drama, unsafe clinical care, improper PPE, mask covering main character face, patient distress, restraint, unprofessional caregiver, dirty scrubs, messy hair, cluttered unsafe home, hoarding, luxury home, staged stock photo, corporate ad, smiling at camera, posed portrait, direct camera stare, selfie angle, bad anatomy, deformed hands, extra fingers, missing fingers, distorted face, inconsistent face, different character identity, duplicate nurse, blurry, motion blur, low resolution, overexposed, underexposed, harsh shadows, unreadable text, random text, watermark, logo, signature, UI elements","","","55","content"
"M01-S49","56","S49","modern office fluorescent + natural window light, authoritative documentary realism","Agency Director’s office. Older Tess (early 50s) at desk, aged woven bracelet clearly visible, speaking directly to camera, Certificate of Completion overlay","","","","","Tessfront.png","tessleftside.png","Tessrightside.png","","","Photorealistic documentary-style home health training image. Agency Director’s office. Older Tess (early 50s) at desk, aged woven bracelet clearly visible, speaking directly to camera, Certificate of Completion overlay. Visual palette and lighting: modern office fluorescent + natural window light, authoritative documentary realism. Professional caregiver behavior, realistic modest home environment, emotionally grounded, natural body language, clear subject visibility, no staged stock-photo look.","cartoon, anime, illustration, CGI, fantasy, horror, gore, graphic wound, blood, emergency room, hospital setting, clinic setting, nursing home setting, facility hallway, police, weapon, disaster, chaotic emergency, exaggerated drama, unsafe clinical care, improper PPE, mask covering main character face, patient distress, restraint, unprofessional caregiver, dirty scrubs, messy hair, cluttered unsafe home, hoarding, luxury home, staged stock photo, corporate ad, smiling at camera, posed portrait, direct camera stare, selfie angle, bad anatomy, deformed hands, extra fingers, missing fingers, distorted face, inconsistent face, different character identity, duplicate nurse, blurry, motion blur, low resolution, overexposed, underexposed, harsh shadows, unreadable text, random text, watermark, logo, signature, UI elements","","","56","content | NOTE: Older Tess (50s) - create dedicated older Tess reference for better age consistency"
