Folder ID,Full Folder Path,Folder Depth,Folder Name,Files Written
0AMhwVb2RmU-fUk9PVA,Drive,0,Drive,1
1bgq5_VXIXb77kgXFtH5KJm7oYresPcy9,Drive / Mock Records,1,Mock Records,0
1oWEQxrPWoy8bBIDG1a-5afQU9vEYWmU0,Drive / Event Packets,1,Event Packets,11
1h1UrHKPlwX37aAD6S9IrmA4bAiwuFlWK,Drive / 01_CES,1,01_CES,0
17_JEnmxL0HDxpj7SM0ZEmhOCDUc5xYfu,Drive / 2026 Brad Training,1,2026 Brad Training,0
1LJ_EhrndONoi6AoEuO-RNnZHsV4n_QZC,Drive / Mock Records / Mock_Assessment_Incident_Phone_Calls_Records,2,Mock_Assessment_Incident_Phone_Calls_Records,24
11Pt5nAA5C23IUIwswynXxDoQJEq4d4xu,Drive / Mock Records / __mocks__ (5),2,__mocks__ (5),2
1EozZ2382-rIESxV8zycKE5LMV7F-EzJy,Drive / Mock Records / __mocks__ (3),2,__mocks__ (3),8
14b15xgYHS4w9C_tY6n0pBI9DgdOtYqHk,Drive / Mock Records / __mocks__ (1),2,__mocks__ (1),1
1vzsyQxKxnlRvKS6-7gQDZRSwSmAWNqA4,Drive / Mock Records / __mocks__ (4),2,__mocks__ (4),2
1bepdQEXi1MdiyqiTJjdwzSp77wgaNXar,Drive / Mock Records / __mocks__ (2),2,__mocks__ (2),1
1kDrH4M3k_9ERiWN7xu5htCBxRNBi489m,Drive / Mock Records / __mocks__,2,__mocks__,4
1S6oGP96lj5ShBygKWtXN0_rlQToLW6Pw,Drive / Mock Records / MOCK-EVT-Q2-0011_qapi-trigger,2,MOCK-EVT-Q2-0011_qapi-trigger,2
1SQX08cTq5MGa5sLGim7fE8Yzdzzq7o6Q,Drive / Mock Records / MOCK-EVT-Q2-0013_soc-audit,2,MOCK-EVT-Q2-0013_soc-audit,2
1aJuHPgNj5id8JejM87GrK7vCZLOjlSIG,Drive / Mock Records / mock,2,mock,1
1QjcGNVUbskMOKG1SetgQQ5mDOzEBfOa1,Drive / Mock Records / Mock_6,2,Mock_6,0
1VLohqj1hicW_tfArsLPCkf6wPHqR27yK,Drive / Mock Records / Q2_Mock,2,Q2_Mock,1
1hGQV_oA54Wf0DIunKwlNaFIAfrq4t60x,Drive / Mock Records / mock-clinical-universe (1),2,mock-clinical-universe (1),6
1EIzCV4oFsiQhESMcNHMWfU7HxkGN6qND,Drive / Mock Records / MOCK-EVT-Q2-0012_clinician-credential-compliance,2,MOCK-EVT-Q2-0012_clinician-credential-compliance,2
11u0NCojO3JEwbrKZ-8NwZ6skbj9cNtVS,Drive / Mock Records / mock (2),2,mock (2),3
1h4_8_B4but_HHy2JNy2iIrBHBug2xVaR,Drive / Mock Records / mock (3),2,mock (3),1
1Iasj8z6vNIZC15P71WkyBmSRDW97YQUa,Drive / Mock Records / mock-clinical-universe,2,mock-clinical-universe,8
1J28ygTNL084ZBLadAZJPkjC5__QloJhh,Drive / Mock Records / Mock5_H1,2,Mock5_H1,5
1F-3pbJNSIpMPlXf0NuY1N6l_y7kjQrlF,Drive / Mock Records / mock-001,2,mock-001,16
1K9KPJrszDKJuqAHDlwmEY5yM4YAzrBJO,Drive / Mock Records / MOCK4-Q1-PASS-CHECKPOINT-20260621-021014,2,MOCK4-Q1-PASS-CHECKPOINT-20260621-021014,0
1cpo6yPnY3d9J6PsLzrG6n1iCzNaziF5w,Drive / Mock Records / MOCK-EVT-Q2-0002_poc-audit,2,MOCK-EVT-Q2-0002_poc-audit,2
1JVVN7E2bqUbn8a1yIiuI7aaQChwQiYM_,Drive / Mock Records / mock-clinical-universe-expansion,2,mock-clinical-universe-expansion,7
1_7-nyDeSHgX5BdavovoAWk1vJVsNRJow,Drive / Mock Records / mock (1),2,mock (1),2
1PndkyhiqZNSrWQwBM8wBRNFVHj6Gsg4h,Drive / 01_CES / Evidence,2,Evidence,0
1Wlw8beJJTF_UJ9sDkX5rqkJhzqzYh2Lo,Drive / 2026 Brad Training / QAPI_PACKET_PDF,2,QAPI_PACKET_PDF,2
1p_Y5meo2eLU1-xr0GFFXUtp_259FyBGv,Drive / 2026 Brad Training / BRAD_MOCK_TEST_ALPHA,2,BRAD_MOCK_TEST_ALPHA,0
1wbzu2-fd3Ak39utAwwhd9VTXctodpFJt,Drive / 2026 Brad Training /  Patient Admission Packets,2,Patient Admission Packets,34
17Aj_beHY6tI9anOe6KzDNVx3z7aqWWfK,Drive / Mock Records / MOCK-EVT-Q2-0011_qapi-trigger / 04_SUPPORTING_PROOFS,3,04_SUPPORTING_PROOFS,8
14_Y6vrIOws8L_YIssIcTkS_D7r6MnM0f,Drive / Mock Records / MOCK-EVT-Q2-0011_qapi-trigger / 03_REVIEW_CHECKLISTS,3,03_REVIEW_CHECKLISTS,1
1h3O9MyUEStIQ069yJgcooZLeUc7bhZ87,Drive / Mock Records / MOCK-EVT-Q2-0011_qapi-trigger / 05_TRIGGERED_ACTIONS,3,05_TRIGGERED_ACTIONS,6
1Lr3DNiPHIEvqbQ_TzLY23FPEtTW06rZ1,Drive / Mock Records / MOCK-EVT-Q2-0011_qapi-trigger / 01_FILLED_CARE_INDEED_FORMS,3,01_FILLED_CARE_INDEED_FORMS,1
1wU8uiUV8RxV6S35Qs0d0JhrwHtcXCoPe,Drive / Mock Records / MOCK-EVT-Q2-0011_qapi-trigger / 02_FIELD_SOURCE_CROSSWALKS,3,02_FIELD_SOURCE_CROSSWALKS,1
1EXeyW_mHaevyVIpMiI75emum0GcX9gVM,Drive / Mock Records / MOCK-EVT-Q2-0013_soc-audit / 04_SUPPORTING_PROOFS,3,04_SUPPORTING_PROOFS,8
1IQrDCrHjbaqA6M1npJPEXyv-dKQggAUV,Drive / Mock Records / MOCK-EVT-Q2-0013_soc-audit / 05_TRIGGERED_ACTIONS,3,05_TRIGGERED_ACTIONS,6
1uUM46qqbIkpBRKq7N_W48vByQ2CvERoX,Drive / Mock Records / MOCK-EVT-Q2-0013_soc-audit / 03_REVIEW_CHECKLISTS,3,03_REVIEW_CHECKLISTS,1
15R-gTjF5v8K0NtkVOJZ4RCfxpT3bL1mm,Drive / Mock Records / MOCK-EVT-Q2-0013_soc-audit / 02_FIELD_SOURCE_CROSSWALKS,3,02_FIELD_SOURCE_CROSSWALKS,1
1iRd4X2e824HBFsZOQak0rskWI0zvLw0E,Drive / Mock Records / MOCK-EVT-Q2-0013_soc-audit / 01_FILLED_CARE_INDEED_FORMS,3,01_FILLED_CARE_INDEED_FORMS,1
1ZvcOzdYFqC1U42uFFL0YPquzRLQzn4kh,Drive / Mock Records / Mock_6 / Q2,3,Q2,1
1UMyKrIkHmHeyaXFaOArd0XWLMJ8x1rf3,Drive / Mock Records / MOCK-EVT-Q2-0012_clinician-credential-compliance / 04_SUPPORTING_PROOFS,3,04_SUPPORTING_PROOFS,8
1k-MFFE788T1A4YeZr5uTSb1Yl7ur3N6Y,Drive / Mock Records / MOCK-EVT-Q2-0012_clinician-credential-compliance / 05_TRIGGERED_ACTIONS,3,05_TRIGGERED_ACTIONS,6
1tDS4aUDMKEQmVNlyerS2I2kY_BBD-JyC,Drive / Mock Records / MOCK-EVT-Q2-0012_clinician-credential-compliance / 02_FIELD_SOURCE_CROSSWALKS,3,02_FIELD_SOURCE_CROSSWALKS,1
1UblF4khWiRV4zGZJz9-JiZESfQ3-p9V7,Drive / Mock Records / MOCK-EVT-Q2-0012_clinician-credential-compliance / 03_REVIEW_CHECKLISTS,3,03_REVIEW_CHECKLISTS,1
1uAN7S6b4ZPDGQKUjgmzSe11TUaY7kdgB,Drive / Mock Records / MOCK-EVT-Q2-0012_clinician-credential-compliance / 01_FILLED_CARE_INDEED_FORMS,3,01_FILLED_CARE_INDEED_FORMS,1
1ZGUKQF_MngWoZY24XxwyXpGZT__yOhGZ,Drive / Mock Records / mock-clinical-universe / assets,3,assets,0
1KTNKaLXY0Qia0Y4hpH_5LIWVu3_rtpAz,Drive / Mock Records / Mock5_H1 / artifacts,3,artifacts,0
1kRhFCSqf1v9Sjl8vB_nfmmsC1XQn4xHm,Drive / Mock Records / MOCK4-Q1-PASS-CHECKPOINT-20260621-021014 / ces-evidence-metadata,3,ces-evidence-metadata,0
1cKrD39LreN7exB8WcPyupijMPs8hJ1Ip,Drive / Mock Records / MOCK-EVT-Q2-0002_poc-audit / 03_REVIEW_CHECKLISTS,3,03_REVIEW_CHECKLISTS,1
1ZZk2PX4t5Ksbv3W00ETdEMsP8FLcQXOp,Drive / Mock Records / MOCK-EVT-Q2-0002_poc-audit / 05_TRIGGERED_ACTIONS,3,05_TRIGGERED_ACTIONS,6
14gSPOXdNZhRbS-98g93CtQrfQWwkI28l,Drive / Mock Records / MOCK-EVT-Q2-0002_poc-audit / 04_SUPPORTING_PROOFS,3,04_SUPPORTING_PROOFS,8
12S9RRuHfrdLJrH1Nz_e4HO5hcFIryDXR,Drive / Mock Records / MOCK-EVT-Q2-0002_poc-audit / 02_FIELD_SOURCE_CROSSWALKS,3,02_FIELD_SOURCE_CROSSWALKS,1
1zJWsNtMwx3ojosfTL3Xj2eUHX54dllqB,Drive / Mock Records / MOCK-EVT-Q2-0002_poc-audit / 01_FILLED_CARE_INDEED_FORMS,3,01_FILLED_CARE_INDEED_FORMS,1
15o_sbwlxOyMBR7rWHn3v3S4ZdWkTTPSC,Drive / 01_CES / Evidence / Admission,3,Admission,0
1kAhQc8XRKgKns0zc0LQ24x6mRl3XC0mS,Drive / 01_CES / Evidence / 2026,3,2026,0
1WzqAMN4g9Zv_u03WYxuDq0v_KJuTWaEH,Drive / 01_CES / Evidence / Mock,3,Mock,0
1IXV6u9x-etHZ3lYk6aRY2tGS3sdeuOUn,Drive / 2026 Brad Training / BRAD_MOCK_TEST_ALPHA / Mock 6,3,Mock 6,0
1AB_09mPDrR3qj2wxBAYJUbwm_4DcdOjO,Drive / 2026 Brad Training / BRAD_MOCK_TEST_ALPHA / Mock 4,3,Mock 4,0
1WvvWgbqn85ZPaP5HU-Yqp9ZVBB5U7Cru,Drive / 2026 Brad Training / BRAD_MOCK_TEST_ALPHA / Mock 3,3,Mock 3,0
1rAP-MsCOlaslkw7YDbZA7jmp_G3-AFPg,Drive / 2026 Brad Training / BRAD_MOCK_TEST_ALPHA / Mock 2,3,Mock 2,0
1ytMUnqkEwsLh5qSrurElqcq_HSGZLaco,Drive / 2026 Brad Training / BRAD_MOCK_TEST_ALPHA / Mock 1,3,Mock 1,0
1zHqBceWeCwO6sWQUOqCPOghfYN7L9vEY,Drive / 2026 Brad Training / BRAD_MOCK_TEST_ALPHA / Mock 5 H1,3,Mock 5 H1,0
10UayGeKVdctdr4W-Qf7K1ClS3aOwfKGt,Drive / 2026 Brad Training / BRAD_MOCK_TEST_ALPHA / March,3,March,0
19j_We_uZOvNzwpq_BCtb4I4EEve_38oV,Drive / 2026 Brad Training / BRAD_MOCK_TEST_ALPHA / February,3,February,0
1ACIHYpraV0Dau-ObEF103Q2HiwCgXYO0,Drive / 2026 Brad Training / BRAD_MOCK_TEST_ALPHA / January,3,January,0
1pbB0s-Qmhxm0cbSooVxuafJLVKY9xXOy,Drive / 2026 Brad Training / BRAD_MOCK_TEST_ALPHA / policy_review_annual-20260624-01,3,policy_review_annual-20260624-01,0
1BVjBzFqLDVUHibfPXUz4vA1soJxUJyGR,Drive / 2026 Brad Training / BRAD_MOCK_TEST_ALPHA / qapi_meeting-20260609-10,3,qapi_meeting-20260609-10,0
1u2n2iZAdDeu5P8D3zpFCyxgZUyGPJeWj,Drive / Mock Records / Mock_6 / Q2 / MOCK-EVT-Q2-0013_soc-audit,4,MOCK-EVT-Q2-0013_soc-audit,2
1dFeL1-RIoslp0FeOX3d_kXo2mZqlHevf,Drive / Mock Records / Mock_6 / Q2 / MOCK-EVT-Q2-0012_clinician-credential-compliance,4,MOCK-EVT-Q2-0012_clinician-credential-compliance,2
1qZyPGS2Yh7UZBSfzueN1zqrs43CSy4C1,Drive / Mock Records / Mock_6 / Q2 / MOCK-EVT-Q2-0011_qapi-trigger,4,MOCK-EVT-Q2-0011_qapi-trigger,2
1_og_SIiiVtN6ganDvLezWJRucMmIj-QQ,Drive / Mock Records / Mock_6 / Q2 / MOCK-EVT-Q2-0002_poc-audit,4,MOCK-EVT-Q2-0002_poc-audit,2
13HvXBZleH1toKREQs5meXuzle50CWblo,Drive / Mock Records / mock-clinical-universe / assets / profile-images,4,profile-images,0
1DQDH1fDXYfe9g-vA_30gfVk9WWULVjp5,Drive / Mock Records / Mock5_H1 / artifacts / May,4,May,232
1VFQEl4RUAp9GtNmfsO_cKRnRKgq_7SVx,Drive / Mock Records / Mock5_H1 / artifacts / February,4,February,102
19pPshLNM4kXPRDS3dnMlELJwagYWqi03,Drive / Mock Records / Mock5_H1 / artifacts / April,4,April,104
16l1qmrssa7NVQPY2Qyd60dlQIPONZDfj,Drive / Mock Records / Mock5_H1 / artifacts / March,4,March,135
1loWwBqy1GxUnc7EVAeObO-GJphGmPZOv,Drive / Mock Records / Mock5_H1 / artifacts / June,4,June,143
1jo1t_oH8tlRjmKIUn3SOac38V9_b76zw,Drive / Mock Records / Mock5_H1 / artifacts / January,4,January,124
14QLHmVbhQAgS9-mNcbKgPeW2F6sQKlVw,Drive / 01_CES / Evidence / Admission / Packets,4,Packets,66
1d2u_Q96L1u4Pycm2uSMvgAKkTMFpXOFR,Drive / 01_CES / Evidence / Admission / Packets,4,Packets,1
1pNqeV9tyYdycLsc2tajDRhpVSOHz_q4s,Drive / 01_CES / Evidence / Admission / Packets,4,Packets,1
1l0V6BsqYBQu9X6y7BK7NViWp34QC3oVB,Drive / 01_CES / Evidence / Admission / Packets,4,Packets,1
1-FxSHMo8lxN71p5csyAFRIipYBv8ammY,Drive / 01_CES / Evidence / Admission / Packets,4,Packets,1
18RBqo__6xRFLrIeyaEYpiJ1lUtvDVTAp,Drive / 01_CES / Evidence / Admission / Packets,4,Packets,1
1I5s_zV5nKRa0aZQ8P3dA97hVViThWTOg,Drive / 01_CES / Evidence / 2026 / June,4,June,0
1474b_2-2JkcftC2j4HRmCkF-REuqn7Lg,Drive / 01_CES / Evidence / 2026 / May,4,May,0
1ySG-KmeEnQ8ysEOZddrP_3xF7COxScXp,Drive / 01_CES / Evidence / Mock / Packets,4,Packets,2
1wEUkaDPzJmw7j1Po-ZB1F29_DuZzxTjP,Drive / 2026 Brad Training / BRAD_MOCK_TEST_ALPHA / Mock 6 / Q2,4,Q2,0
1EOMLYtKJJ4AHjnG9QYfcmKGe5pEHnWvy,Drive / 2026 Brad Training / BRAD_MOCK_TEST_ALPHA / Mock 4 / March,4,March,0
16A4Vbc2frorZDaZvBjSnbH6huMLfxTm1,Drive / 2026 Brad Training / BRAD_MOCK_TEST_ALPHA / Mock 4 / February,4,February,0
1-ye5AR7TM1WlMyEasJ9EsMVC-6cdTzj2,Drive / 2026 Brad Training / BRAD_MOCK_TEST_ALPHA / Mock 4 / January,4,January,0
1UeBUMXPU8-Vi6Kb7ZbBoZg8myczlh-uJ,Drive / 2026 Brad Training / BRAD_MOCK_TEST_ALPHA / Mock 3 / March,4,March,0
12JsFwwNcOMYWHOveR4AE9sqQIfKVk_6C,Drive / 2026 Brad Training / BRAD_MOCK_TEST_ALPHA / Mock 3 / February,4,February,0
17AE9GWg9-iHFGgicQiVdo8axRNfHrttp,Drive / 2026 Brad Training / BRAD_MOCK_TEST_ALPHA / Mock 3 / January,4,January,0
1Jv_hjkTIphnlTvlZxuuE3DYhcC06Xivt,Drive / 2026 Brad Training / BRAD_MOCK_TEST_ALPHA / Mock 2 / March,4,March,0
1sgehAOp3yTfrewHgHBHICtcYkJ7EEezB,Drive / 2026 Brad Training / BRAD_MOCK_TEST_ALPHA / Mock 2 / February,4,February,0
1vteYVQKKVMVc7p-RMKEZ5Oh5HvHL_RRl,Drive / 2026 Brad Training / BRAD_MOCK_TEST_ALPHA / Mock 2 / January,4,January,0
1ZixGlelTXS4UgqU8L0CW9QrsIKyjYCWU,Drive / 2026 Brad Training / BRAD_MOCK_TEST_ALPHA / Mock 1 / February,4,February,0
1_yxI_KEZYpGCSKy0GN7dJSShES_yYM88,Drive / 2026 Brad Training / BRAD_MOCK_TEST_ALPHA / Mock 1 / January,4,January,0
10dRLMhvVudD5ZVNWcPXo-QUPlUjL_O2-,Drive / 2026 Brad Training / BRAD_MOCK_TEST_ALPHA / Mock 1 / March,4,March,0
1WyXbLMYVrYT3dLvdPQisiqLPE_F5Ig57,Drive / 2026 Brad Training / BRAD_MOCK_TEST_ALPHA / Mock 1 / _run-manifest,4,_run-manifest,0
1cWRvkfFZyQc72ZcT8Nz04WYj4LysmkF-,Drive / 2026 Brad Training / BRAD_MOCK_TEST_ALPHA / Mock 5 H1 / Brad Training Mock Test,4,Brad Training Mock Test,0
1BENsdhkZ7XvTd2tqKHlqoRzmdzAvXPiS,Drive / 2026 Brad Training / BRAD_MOCK_TEST_ALPHA / March / hhcahps_filing-20260331-01,4,hhcahps_filing-20260331-01,0
1g0kfhcDSNYIkhbCV_o6o0uQGgS8Mh_I4,Drive / 2026 Brad Training / BRAD_MOCK_TEST_ALPHA / March / infection_control_review_quarterly-20260325-01,4,infection_control_review_quarterly-20260325-01,0
1WrJh6oGEf7-67GDp5XiSWA-Tc1skAw1m,Drive / 2026 Brad Training / BRAD_MOCK_TEST_ALPHA / March / incident_response_audit-20260323-01,4,incident_response_audit-20260323-01,0
1rD2kBGEJKCAxGzmKbIdI2-cLUyEGlDOs,Drive / 2026 Brad Training / BRAD_MOCK_TEST_ALPHA / March / documentation_alignment_audit-20260323-01,4,documentation_alignment_audit-20260323-01,0
12pJC64cL4UC9InwTuZ0dqHCzDDPorB3z,Drive / 2026 Brad Training / BRAD_MOCK_TEST_ALPHA / March / ep_exercise-20260318-01,4,ep_exercise-20260318-01,0
1DWlAiZZcnu35l1lakn1mWsmkAq4y2CTk,Drive / 2026 Brad Training / BRAD_MOCK_TEST_ALPHA / March / staff_file_audit-20260316-01,4,staff_file_audit-20260316-01,0
1bJr-rNRf7s94NJxY4cYrK83UeJPkKW7o,Drive / 2026 Brad Training / BRAD_MOCK_TEST_ALPHA / March / post_bill_audit-20260316-01,4,post_bill_audit-20260316-01,0
1xONzDeO5Yc0_WzWf04eT6k1NeZp5suh1,Drive / 2026 Brad Training / BRAD_MOCK_TEST_ALPHA / March / internal_compliance_audit-20260316-01,4,internal_compliance_audit-20260316-01,0
1hJZJFga0d5Hl95nL0dPEBHehNrICQRER,Drive / 2026 Brad Training / BRAD_MOCK_TEST_ALPHA / March / hha_aide_observation-20260311-01,4,hha_aide_observation-20260311-01,0
1_g7kLGhqWSmEz0ksMGYuV5z7Gs0Me1nd,Drive / 2026 Brad Training / BRAD_MOCK_TEST_ALPHA / March / visit_documentation_audit-20260309-01,4,visit_documentation_audit-20260309-01,0
1fk2O9ZVu38DyahBhxVU2M2GxvFVKmiW9,Drive / 2026 Brad Training / BRAD_MOCK_TEST_ALPHA / March / pre_bill_audit-20260309-01,4,pre_bill_audit-20260309-01,0
1eFjKq87WUNX65c6CQ_Rv4duFdonwbX34,Drive / 2026 Brad Training / BRAD_MOCK_TEST_ALPHA / March / plan_of_care_audit-20260309-01,4,plan_of_care_audit-20260309-01,0
1Yz8NQUhVe7Yn1RRyuKDo9wfO_fc3GXg9,Drive / 2026 Brad Training / BRAD_MOCK_TEST_ALPHA / March / orders_alignment_audit-20260309-01,4,orders_alignment_audit-20260309-01,0
1wjAcmIqJvEwheIJ0cpodQEmJgfIkpbrR,Drive / 2026 Brad Training / BRAD_MOCK_TEST_ALPHA / March / oasis_accuracy_audit-20260309-01,4,oasis_accuracy_audit-20260309-01,0
1097yZp7JUZXx1RAGx6pksKYBczWDbNjW,Drive / 2026 Brad Training / BRAD_MOCK_TEST_ALPHA / March / missed_visit_audit-20260309-01,4,missed_visit_audit-20260309-01,0
1Tao3fovWg3xaskAEaNPeUUmOXljEmLZ_,Drive / 2026 Brad Training / BRAD_MOCK_TEST_ALPHA / March / medication_management_audit-20260309-01,4,medication_management_audit-20260309-01,0
1eRrG3NMGQUhz75cHwMmQ4r6TxUAVOd8a,Drive / 2026 Brad Training / BRAD_MOCK_TEST_ALPHA / March / medical_necessity_audit-20260309-01,4,medical_necessity_audit-20260309-01,0
1pz9SWupdZGsUX-wtVp_6BGEj6KR0clgO,Drive / 2026 Brad Training / BRAD_MOCK_TEST_ALPHA / March / license_exclusion_audit-20260309-01,4,license_exclusion_audit-20260309-01,0
18Y2leUyb1rqF8N3ddaxDGNWsY3wI9Qh_,Drive / 2026 Brad Training / BRAD_MOCK_TEST_ALPHA / March / infection_control_audit-20260309-01,4,infection_control_audit-20260309-01,0
1mJzStUS_h1HaxXyalxmaPMyZ5XBRE8sB,Drive / 2026 Brad Training / BRAD_MOCK_TEST_ALPHA / March / clinical_record_completeness_audit-20260309-01,4,clinical_record_completeness_audit-20260309-01,0
1D2NgZHnHeYs6nkeevBLrK2-M7CM356SA,Drive / 2026 Brad Training / BRAD_MOCK_TEST_ALPHA / March / care_coordination_audit-20260309-01,4,care_coordination_audit-20260309-01,0
1ZHDO6yeZ8uNXksrRk6A60Q0ZjZXylaX5,Drive / 2026 Brad Training / BRAD_MOCK_TEST_ALPHA / March / authorization_audit-20260309-01,4,authorization_audit-20260309-01,0
1RWJoSHIQuSOkBYDxfh03hdzQK3-ha57h,Drive / 2026 Brad Training / BRAD_MOCK_TEST_ALPHA / February / hha_skill_observation-20260225-01,4,hha_skill_observation-20260225-01,0
1tP8t42IaC8hIJQw2eLUXRDcRVxdetNqF,Drive / 2026 Brad Training / BRAD_MOCK_TEST_ALPHA / February / post_bill_audit-20260216-01,4,post_bill_audit-20260216-01,0
1MeSTBvO3yoza4rY203xxrGY7UNYxYUAM,Drive / 2026 Brad Training / BRAD_MOCK_TEST_ALPHA / February / visit_documentation_audit-20260209-01,4,visit_documentation_audit-20260209-01,0
1UCswA5WOmk0cg6-ryq201b2jRVwBE7bK,Drive / 2026 Brad Training / BRAD_MOCK_TEST_ALPHA / February / pre_bill_audit-20260209-01,4,pre_bill_audit-20260209-01,0
1RjO_cen_QnTQR1Hq4a32wlokpli-3KDY,Drive / 2026 Brad Training / BRAD_MOCK_TEST_ALPHA / February / plan_of_care_audit-20260209-01,4,plan_of_care_audit-20260209-01,0
10qkifG_biC7qn2MAxmHwFyon3IIq0zSv,Drive / 2026 Brad Training / BRAD_MOCK_TEST_ALPHA / February / orders_alignment_audit-20260209-01,4,orders_alignment_audit-20260209-01,0
1usO-9EKG7knqZFpwqvvI8BpMixQ2z7dr,Drive / 2026 Brad Training / BRAD_MOCK_TEST_ALPHA / February / oasis_accuracy_audit-20260209-01,4,oasis_accuracy_audit-20260209-01,0
1dTaLzhepQ5jQXASkHOILg_3hzfmLkyBB,Drive / 2026 Brad Training / BRAD_MOCK_TEST_ALPHA / February / missed_visit_audit-20260209-01,4,missed_visit_audit-20260209-01,0
1mubqonoVFgo7SA5uFiT_ewJJNC_oGLZh,Drive / 2026 Brad Training / BRAD_MOCK_TEST_ALPHA / February / medication_management_audit-20260209-01,4,medication_management_audit-20260209-01,0
1O0hcSY7bFI7_6ua2o0eIxa0OK5kKGvf3,Drive / 2026 Brad Training / BRAD_MOCK_TEST_ALPHA / February / medical_necessity_audit-20260209-01,4,medical_necessity_audit-20260209-01,0
15rrUz0zHx-ncR9PoiN4fP-PPWa16hPng,Drive / 2026 Brad Training / BRAD_MOCK_TEST_ALPHA / February / license_exclusion_audit-20260209-01,4,license_exclusion_audit-20260209-01,0
1JDsiw4oql8dYv6fdQkM2WORyx_RltBBs,Drive / 2026 Brad Training / BRAD_MOCK_TEST_ALPHA / February / infection_control_audit-20260209-01,4,infection_control_audit-20260209-01,0
1jBAEmv4Tafsycu3mj9fyyb2KrPFw8iEQ,Drive / 2026 Brad Training / BRAD_MOCK_TEST_ALPHA / February / hha_aide_inservice-20260209-01,4,hha_aide_inservice-20260209-01,0
1KhqM05WSyH8SHUu4N9-ZE0sRXAoIMqog,Drive / 2026 Brad Training / BRAD_MOCK_TEST_ALPHA / February / clinical_record_completeness_audit-20260209-01,4,clinical_record_completeness_audit-20260209-01,0
1jCLF9JccJza8wZYR3QI239VPMs_AIDHt,Drive / 2026 Brad Training / BRAD_MOCK_TEST_ALPHA / February / care_coordination_audit-20260209-01,4,care_coordination_audit-20260209-01,0
15l84yjlWCb1WGR9fZinIip4ieTKTx7O8,Drive / 2026 Brad Training / BRAD_MOCK_TEST_ALPHA / February / authorization_audit-20260209-01,4,authorization_audit-20260209-01,0
1UTEtOwX-8Bb1mdJRy8WDYaojTY-8hqwz,Drive / 2026 Brad Training / BRAD_MOCK_TEST_ALPHA / February / qapi_meeting-20260205-04,4,qapi_meeting-20260205-04,0
11ONIb7XHDjjpUMzO3SMCspvVLDsBVzJp,Drive / 2026 Brad Training / BRAD_MOCK_TEST_ALPHA / January / ep_staff_training-20260122-01,4,ep_staff_training-20260122-01,0
1qhUfwXryH8UfrbnwTGIwMYSCGVZkS0CD,Drive / 2026 Brad Training / BRAD_MOCK_TEST_ALPHA / January / ep_plan_review-20260115-01,4,ep_plan_review-20260115-01,0
1bfqOIM7vcXcJXZpGr3mwrWi0Gukm9BCb,Drive / 2026 Brad Training / BRAD_MOCK_TEST_ALPHA / January / post_bill_audit-20260114-01,4,post_bill_audit-20260114-01,0
1AODweOMvrt6BpLGu57T8YwVX_cxhC0hf,Drive / 2026 Brad Training / BRAD_MOCK_TEST_ALPHA / January / governance_packet_review-20260108-01,4,governance_packet_review-20260108-01,0
1kB-wkfBSLZ_pBLa6bFkFV8_IUSufU177,Drive / 2026 Brad Training / BRAD_MOCK_TEST_ALPHA / January / visit_documentation_audit-20260107-01,4,visit_documentation_audit-20260107-01,0
1S_r1GuiQDpLPIwxNXcwu7Jm6i9JcE2dW,Drive / 2026 Brad Training / BRAD_MOCK_TEST_ALPHA / January / pre_bill_audit-20260107-01,4,pre_bill_audit-20260107-01,0
1RN5cBIzDLm6E7HI3wGP9opUoBE63131e,Drive / 2026 Brad Training / BRAD_MOCK_TEST_ALPHA / January / plan_of_care_audit-20260107-01,4,plan_of_care_audit-20260107-01,0
1GV7JR3YLqn0DY5-QJbDAbzAvQHoWFIyk,Drive / 2026 Brad Training / BRAD_MOCK_TEST_ALPHA / January / orders_alignment_audit-20260107-01,4,orders_alignment_audit-20260107-01,0
1WbOXhrdvKMvcaq1MYMXn4h6N34GrswvV,Drive / 2026 Brad Training / BRAD_MOCK_TEST_ALPHA / January / oasis_accuracy_audit-20260107-01,4,oasis_accuracy_audit-20260107-01,0
1ywvdNXd7nqNh88uhmkbFopCi9BsknEHN,Drive / 2026 Brad Training / BRAD_MOCK_TEST_ALPHA / January / missed_visit_audit-20260107-01,4,missed_visit_audit-20260107-01,0
1ujkCpXrv8bGufkDMmm68ZoPeyCJ_pzuq,Drive / 2026 Brad Training / BRAD_MOCK_TEST_ALPHA / January / medication_management_audit-20260107-01,4,medication_management_audit-20260107-01,0
18pcyrD5IXLnjtfU6C8IETs2nVosi3Wt5,Drive / 2026 Brad Training / BRAD_MOCK_TEST_ALPHA / January / medical_necessity_audit-20260107-01,4,medical_necessity_audit-20260107-01,0
1UPIILR_2nD0KLrnl2p_AGdgcwvPjHfDi,Drive / 2026 Brad Training / BRAD_MOCK_TEST_ALPHA / January / license_exclusion_audit-20260107-01,4,license_exclusion_audit-20260107-01,0
1XUXZdu64XItO8OCMUlISgZWTPSsQc2pK,Drive / 2026 Brad Training / BRAD_MOCK_TEST_ALPHA / January / infection_control_audit-20260107-01,4,infection_control_audit-20260107-01,0
1Ib6aMmUL-lKWiJdQPKFUbOeojPkUYXvw,Drive / 2026 Brad Training / BRAD_MOCK_TEST_ALPHA / January / clinical_record_completeness_audit-20260107-01,4,clinical_record_completeness_audit-20260107-01,0
1PKwUQLS63cvgRzrIQBF-g1jHrI53ayJC,Drive / 2026 Brad Training / BRAD_MOCK_TEST_ALPHA / January / care_coordination_audit-20260107-01,4,care_coordination_audit-20260107-01,0
1ZrQkVDBOb2rmncQshfxKEppwmvDdA2YF,Drive / 2026 Brad Training / BRAD_MOCK_TEST_ALPHA / January / authorization_audit-20260107-01,4,authorization_audit-20260107-01,0
17f_IDJGL_3VzTt6juDRUlpXOAAbcX5mn,Drive / 2026 Brad Training / BRAD_MOCK_TEST_ALPHA / January / incident_report-20260101-01,4,incident_report-20260101-01,0
1O-6TnopcV2vNKuXhKA2fW_qRUON7ROPo,Drive / 2026 Brad Training / BRAD_MOCK_TEST_ALPHA / January / complaint_investigation-20260101-01,4,complaint_investigation-20260101-01,0
1W9ap-SKfKj3gSz7Qs6gOEgE3-CxvxbDo,Drive / 2026 Brad Training / BRAD_MOCK_TEST_ALPHA / policy_review_annual-20260624-01 / policy_review_annual-20260624-01-01,4,policy_review_annual-20260624-01-01,0
10V1GCUonUzplKcHQgpQtXEhdI1s1biFy,Drive / 2026 Brad Training / BRAD_MOCK_TEST_ALPHA / qapi_meeting-20260609-10 / _credential_alignment_probe,4,_credential_alignment_probe,1
18Tu14q7SvVfp8-0sZspMSXRSpRMSj4d7,Drive / 2026 Brad Training / BRAD_MOCK_TEST_ALPHA / qapi_meeting-20260609-10 / qapi-feed,4,qapi-feed,0
1EsMmYnOARMEByPzOKZJ_8HMH1Vz-2e9m,Drive / 2026 Brad Training / BRAD_MOCK_TEST_ALPHA / qapi_meeting-20260609-10 / qapi-minutes,4,qapi-minutes,0
1v4AFADj1EixCYiCBQKKvssHdXyl7jN4E,Drive / 2026 Brad Training / BRAD_MOCK_TEST_ALPHA / qapi_meeting-20260609-10 / qapi-data,4,qapi-data,0
1TOGNn7fBBvwVadhd3mkLJpcQTgeFH-TP,Drive / 2026 Brad Training / BRAD_MOCK_TEST_ALPHA / qapi_meeting-20260609-10 / qapi-packet,4,qapi-packet,0
1-Zkn3f6RSwkr7a63VSEJN63RVnapau7J,Drive / 2026 Brad Training / BRAD_MOCK_TEST_ALPHA / qapi_meeting-20260609-10 / _drive_probe,4,_drive_probe,1
1wmlbnjWzVtZ_EFiR16JZJp59TduDndWL,Drive / Mock Records / Mock_6 / Q2 / MOCK-EVT-Q2-0013_soc-audit / 05_TRIGGERED_ACTIONS,5,05_TRIGGERED_ACTIONS,6
1woxPzoodaCh2yCw0DqM94doG2VyV73ns,Drive / Mock Records / Mock_6 / Q2 / MOCK-EVT-Q2-0013_soc-audit / 04_SUPPORTING_PROOFS,5,04_SUPPORTING_PROOFS,8
1jdv3t3hymE9WYUpc0961SW7nuNx2wLeA,Drive / Mock Records / Mock_6 / Q2 / MOCK-EVT-Q2-0013_soc-audit / 02_FIELD_SOURCE_CROSSWALKS,5,02_FIELD_SOURCE_CROSSWALKS,1
1qBRrntNl059TdjNiMl1IGUx2VLlzmqK9,Drive / Mock Records / Mock_6 / Q2 / MOCK-EVT-Q2-0013_soc-audit / 03_REVIEW_CHECKLISTS,5,03_REVIEW_CHECKLISTS,1
1ESeB-QeT_U5OS2SsiGvKh0qxhWxQqtBg,Drive / Mock Records / Mock_6 / Q2 / MOCK-EVT-Q2-0013_soc-audit / 01_FILLED_CARE_INDEED_FORMS,5,01_FILLED_CARE_INDEED_FORMS,1
1UpGylMNavhf23cmImvnlBOHyh9m5G-xe,Drive / Mock Records / Mock_6 / Q2 / MOCK-EVT-Q2-0012_clinician-credential-compliance / 04_SUPPORTING_PROOFS,5,04_SUPPORTING_PROOFS,0
1lTHpsTfItOofi2tWhD45v-6Zh8Eh6PsN,Drive / Mock Records / Mock_6 / Q2 / MOCK-EVT-Q2-0012_clinician-credential-compliance / 02_FIELD_SOURCE_CROSSWALKS,5,02_FIELD_SOURCE_CROSSWALKS,0
1m9zIJhMuqAhGfteeGf-LiPYyd5PIjqe1,Drive / Mock Records / Mock_6 / Q2 / MOCK-EVT-Q2-0012_clinician-credential-compliance / 03_REVIEW_CHECKLISTS,5,03_REVIEW_CHECKLISTS,0
1ZuhgB5AowJa1-UTKDHnXOZrn0i_nLnBq,Drive / Mock Records / Mock_6 / Q2 / MOCK-EVT-Q2-0012_clinician-credential-compliance / 05_TRIGGERED_ACTIONS,5,05_TRIGGERED_ACTIONS,0
11xDcLjepQCGQJg6L5bDu4Fa0moDNTuHf,Drive / Mock Records / Mock_6 / Q2 / MOCK-EVT-Q2-0012_clinician-credential-compliance / 01_FILLED_CARE_INDEED_FORMS,5,01_FILLED_CARE_INDEED_FORMS,0
1gQn5LrjGAsKLf2njgGulqxgSolZLvcqU,Drive / Mock Records / Mock_6 / Q2 / MOCK-EVT-Q2-0011_qapi-trigger / 04_SUPPORTING_PROOFS,5,04_SUPPORTING_PROOFS,0
1nBtHsO6_zOz11pV5rEOvpVZMqOfwjA7n,Drive / Mock Records / Mock_6 / Q2 / MOCK-EVT-Q2-0011_qapi-trigger / 03_REVIEW_CHECKLISTS,5,03_REVIEW_CHECKLISTS,0
12BEBrPJST07Ty6RE78Ec9l-FVnPVHMNv,Drive / Mock Records / Mock_6 / Q2 / MOCK-EVT-Q2-0011_qapi-trigger / 05_TRIGGERED_ACTIONS,5,05_TRIGGERED_ACTIONS,0
1e0GrVwLtFj2atezoICXkUKjoqQJulzpi,Drive / Mock Records / Mock_6 / Q2 / MOCK-EVT-Q2-0011_qapi-trigger / 02_FIELD_SOURCE_CROSSWALKS,5,02_FIELD_SOURCE_CROSSWALKS,0
1APNaSinFO6j4Md2gYpAmkQfFzTEAxgu0,Drive / Mock Records / Mock_6 / Q2 / MOCK-EVT-Q2-0011_qapi-trigger / 01_FILLED_CARE_INDEED_FORMS,5,01_FILLED_CARE_INDEED_FORMS,0
1BuIw13-7iQ0PnuknxEXq_hAnmSNX3Dkk,Drive / Mock Records / Mock_6 / Q2 / MOCK-EVT-Q2-0002_poc-audit / 04_SUPPORTING_PROOFS,5,04_SUPPORTING_PROOFS,0
1QblDKTf9NwKqN6Xj6-JDyBFdW2xemXQx,Drive / Mock Records / Mock_6 / Q2 / MOCK-EVT-Q2-0002_poc-audit / 03_REVIEW_CHECKLISTS,5,03_REVIEW_CHECKLISTS,0
187lnAlQqP4i_3a-QBvO27arhpmpHNLP6,Drive / Mock Records / Mock_6 / Q2 / MOCK-EVT-Q2-0002_poc-audit / 02_FIELD_SOURCE_CROSSWALKS,5,02_FIELD_SOURCE_CROSSWALKS,0
10JAJ3E2FEHcB9tH8Idy3ezhlqxPCE6OO,Drive / Mock Records / Mock_6 / Q2 / MOCK-EVT-Q2-0002_poc-audit / 01_FILLED_CARE_INDEED_FORMS,5,01_FILLED_CARE_INDEED_FORMS,0
1yJp6jC80Ax_gmhAetMKyYRW1y9hDVR_k,Drive / Mock Records / Mock_6 / Q2 / MOCK-EVT-Q2-0002_poc-audit / 05_TRIGGERED_ACTIONS,5,05_TRIGGERED_ACTIONS,0
1nDFSCn-UUSAJcwUxRiaSGypuTR6wCT6-,Drive / Mock Records / mock-clinical-universe / assets / profile-images / patients,5,patients,0
1QHiyFo6oXyls7V2vYNNWhuHEOKvGwMTk,Drive / Mock Records / mock-clinical-universe / assets / profile-images / clinicians,5,clinicians,0
1idjt5akATX4x1q5GrlJiu37dz7wv45Y2,Drive / 01_CES / Evidence / 2026 / June / Packets,5,Packets,0
1aoATRTGE9N66MuFZGuSpqlBpKrOfTdC6,Drive / 01_CES / Evidence / 2026 / May / Packets,5,Packets,0
11kV1IuggxPDPcuYjn_Ip-e401xzkY4B0,Drive / 2026 Brad Training / BRAD_MOCK_TEST_ALPHA / Mock 6 / Q2 / MOCK-EVT-Q2-0013_soc-audit,5,MOCK-EVT-Q2-0013_soc-audit,0
1kqcT4VfqHIPoQRiPvhWAR3tKWyoihWkI,Drive / 2026 Brad Training / BRAD_MOCK_TEST_ALPHA / Mock 6 / Q2 / MOCK-EVT-Q2-0012_clinician-credential-compliance,5,MOCK-EVT-Q2-0012_clinician-credential-compliance,0
13y1Mwy8TPKjP3KnCi0QaUmv6EHgLskHX,Drive / 2026 Brad Training / BRAD_MOCK_TEST_ALPHA / Mock 6 / Q2 / MOCK-EVT-Q2-0011_qapi-trigger,5,MOCK-EVT-Q2-0011_qapi-trigger,0
10exeidfaWyZk_KCBE4T-b3KwWI94No7I,Drive / 2026 Brad Training / BRAD_MOCK_TEST_ALPHA / Mock 6 / Q2 / MOCK-EVT-Q2-0002_poc-audit,5,MOCK-EVT-Q2-0002_poc-audit,0
1AmHht4kOuF7Mu0vIG1WAQDh3kJ9HkguF,Drive / 2026 Brad Training / BRAD_MOCK_TEST_ALPHA / Mock 6 / Q2 / MOCK-EVT-Q2-0013_soc-audit,5,MOCK-EVT-Q2-0013_soc-audit,0
1rXiKe2d-47RMdVoO0z4LmoxzGrpQFv-P,Drive / 2026 Brad Training / BRAD_MOCK_TEST_ALPHA / Mock 6 / Q2 / MOCK-EVT-Q2-0012_clinician-credential-compliance,5,MOCK-EVT-Q2-0012_clinician-credential-compliance,0
1PgEnYoi6JbVet1tevwXCvoV0Eg75OvFK,Drive / 2026 Brad Training / BRAD_MOCK_TEST_ALPHA / Mock 6 / Q2 / MOCK-EVT-Q2-0011_qapi-trigger,5,MOCK-EVT-Q2-0011_qapi-trigger,0
1wraLmjy0DniMW2JQZvEa3sNIBGotEay1,Drive / 2026 Brad Training / BRAD_MOCK_TEST_ALPHA / Mock 6 / Q2 / MOCK-EVT-Q2-0002_poc-audit,5,MOCK-EVT-Q2-0002_poc-audit,0
1nJDZy-rkUjMJnFl1ssjZMY1nUoIQT9Yh,Drive / 2026 Brad Training / BRAD_MOCK_TEST_ALPHA / Mock 6 / Q2 / MOCK-EVT-Q2-0013_soc-audit,5,MOCK-EVT-Q2-0013_soc-audit,0
1JyjMWi3lATA-O4rFU4dE6FpMc6dlObH1,Drive / 2026 Brad Training / BRAD_MOCK_TEST_ALPHA / Mock 6 / Q2 / MOCK-EVT-Q2-0012_clinician-credential-compliance,5,MOCK-EVT-Q2-0012_clinician-credential-compliance,0
1ttZsBVNLG2Rm973-k7LmILWy5X43ijMs,Drive / 2026 Brad Training / BRAD_MOCK_TEST_ALPHA / Mock 6 / Q2 / MOCK-EVT-Q2-0011_qapi-trigger,5,MOCK-EVT-Q2-0011_qapi-trigger,0
14QhxYJsnClCKcdGSPv8iUNO0gDKcxkiO,Drive / 2026 Brad Training / BRAD_MOCK_TEST_ALPHA / Mock 6 / Q2 / MOCK-EVT-Q2-0002_poc-audit,5,MOCK-EVT-Q2-0002_poc-audit,0
1Q8DPypRV8n-gQ7e6_wHfKSxs-mVAQWNA,Drive / 2026 Brad Training / BRAD_MOCK_TEST_ALPHA / Mock 6 / Q2 / MOCK-EVT-Q2-0013_soc-audit,5,MOCK-EVT-Q2-0013_soc-audit,0
10hVlcVa6iNcbX_PN7tFpZLziRnJxQnXO,Drive / 2026 Brad Training / BRAD_MOCK_TEST_ALPHA / Mock 6 / Q2 / MOCK-EVT-Q2-0012_clinician-credential-compliance,5,MOCK-EVT-Q2-0012_clinician-credential-compliance,0
1ALKHkWIry5P5QJS0o-SkrRrxRDUinmwN,Drive / 2026 Brad Training / BRAD_MOCK_TEST_ALPHA / Mock 6 / Q2 / MOCK-EVT-Q2-0011_qapi-trigger,5,MOCK-EVT-Q2-0011_qapi-trigger,0
11pNEOPeRijWIU1fL88qIHdv9jC_HQMwz,Drive / 2026 Brad Training / BRAD_MOCK_TEST_ALPHA / Mock 6 / Q2 / MOCK-EVT-Q2-0002_poc-audit,5,MOCK-EVT-Q2-0002_poc-audit,0
1S26ftl-ru6oRcE2wvQoSIj-eZFCYfgk3,Drive / 2026 Brad Training / BRAD_MOCK_TEST_ALPHA / Mock 4 / March / hhcahps_filing-20260331-01,5,hhcahps_filing-20260331-01,0
1Qg24FP8fqoHLcBhvtTCDbayn_aP2q_jj,Drive / 2026 Brad Training / BRAD_MOCK_TEST_ALPHA / Mock 4 / March / infection_control_review_quarterly-20260325-01,5,infection_control_review_quarterly-20260325-01,0
13KtnyWapItoMAmDx39OLX8Vy7EizXqep,Drive / 2026 Brad Training / BRAD_MOCK_TEST_ALPHA / Mock 4 / March / incident_response_audit-20260323-01,5,incident_response_audit-20260323-01,0
1at_ZVyCmsgjTCfzdrh7bbW-JS_MuEaFk,Drive / 2026 Brad Training / BRAD_MOCK_TEST_ALPHA / Mock 4 / March / documentation_alignment_audit-20260323-01,5,documentation_alignment_audit-20260323-01,0
15zaWxUvfHFD2Yj7ca2672g5_ziG6Gi4w,Drive / 2026 Brad Training / BRAD_MOCK_TEST_ALPHA / Mock 4 / March / ep_exercise-20260318-01,5,ep_exercise-20260318-01,0
1tD3z4yvdRG3ETxkhol48NcfTbkhIMXZS,Drive / 2026 Brad Training / BRAD_MOCK_TEST_ALPHA / Mock 4 / March / staff_file_audit-20260316-01,5,staff_file_audit-20260316-01,0
1CuzatrEH487hi2jLVMDqCeAJlhURD5t2,Drive / 2026 Brad Training / BRAD_MOCK_TEST_ALPHA / Mock 4 / March / post_bill_audit-20260316-01,5,post_bill_audit-20260316-01,0
1zhMZZmRg8wrL6de-kcZ2lERTOlRbjdVD,Drive / 2026 Brad Training / BRAD_MOCK_TEST_ALPHA / Mock 4 / March / internal_compliance_audit-20260316-01,5,internal_compliance_audit-20260316-01,0
16WKdQeyrCdMvFEh-GlKPhLz7yPvnSXPo,Drive / 2026 Brad Training / BRAD_MOCK_TEST_ALPHA / Mock 4 / March / hha_aide_observation-20260311-01,5,hha_aide_observation-20260311-01,0
1Yn4IR879W5JTYqOp4dpnCbjMNBV-lrC8,Drive / 2026 Brad Training / BRAD_MOCK_TEST_ALPHA / Mock 4 / March / visit_documentation_audit-20260309-01,5,visit_documentation_audit-20260309-01,0
1JYTli8SKJQY5M8_qpjEjKVU4o7jRofEW,Drive / 2026 Brad Training / BRAD_MOCK_TEST_ALPHA / Mock 4 / March / pre_bill_audit-20260309-01,5,pre_bill_audit-20260309-01,0
1UADxXnwDoarmwBDTwxRERm-kb0uTUwQN,Drive / 2026 Brad Training / BRAD_MOCK_TEST_ALPHA / Mock 4 / March / plan_of_care_audit-20260309-01,5,plan_of_care_audit-20260309-01,0
12hMUD6U02tFkfSvIRuK25elD1JwZX_-K,Drive / 2026 Brad Training / BRAD_MOCK_TEST_ALPHA / Mock 4 / March / orders_alignment_audit-20260309-01,5,orders_alignment_audit-20260309-01,0
1YZdoaIiTfiIuLzoGJSJ-tKTWVFGG2CWi,Drive / 2026 Brad Training / BRAD_MOCK_TEST_ALPHA / Mock 4 / March / oasis_accuracy_audit-20260309-01,5,oasis_accuracy_audit-20260309-01,0
1azSNOzatmpmPBJpwCk6SXDcsTBw4AeNQ,Drive / 2026 Brad Training / BRAD_MOCK_TEST_ALPHA / Mock 4 / March / missed_visit_audit-20260309-01,5,missed_visit_audit-20260309-01,0
1o11LHMRTM2kWIpqNRR1Pz7wwKW_cDqbT,Drive / 2026 Brad Training / BRAD_MOCK_TEST_ALPHA / Mock 4 / March / medication_management_audit-20260309-01,5,medication_management_audit-20260309-01,0
1RMzMYBcpFdx9Mgp0keI1uxGg1H_P-92F,Drive / 2026 Brad Training / BRAD_MOCK_TEST_ALPHA / Mock 4 / March / medical_necessity_audit-20260309-01,5,medical_necessity_audit-20260309-01,0
1xI0ynpIpV9pZPeF8djVCwkmjwyIrcEkM,Drive / 2026 Brad Training / BRAD_MOCK_TEST_ALPHA / Mock 4 / March / license_exclusion_audit-20260309-01,5,license_exclusion_audit-20260309-01,0
1nq7HSiCczMDzOm4fnVwG6dNHez8R8uKu,Drive / 2026 Brad Training / BRAD_MOCK_TEST_ALPHA / Mock 4 / March / infection_control_audit-20260309-01,5,infection_control_audit-20260309-01,0
1iBqRCe-ksFBalhdhOL5usKdj2is2TGxA,Drive / 2026 Brad Training / BRAD_MOCK_TEST_ALPHA / Mock 4 / March / clinical_record_completeness_audit-20260309-01,5,clinical_record_completeness_audit-20260309-01,0
1n-3BiahGFc-cMRldnVAQthNOPpvf75VM,Drive / 2026 Brad Training / BRAD_MOCK_TEST_ALPHA / Mock 4 / March / care_coordination_audit-20260309-01,5,care_coordination_audit-20260309-01,0
16o2LhTTamAyiJci1pVSmgwfUNFEXCF8I,Drive / 2026 Brad Training / BRAD_MOCK_TEST_ALPHA / Mock 4 / March / authorization_audit-20260309-01,5,authorization_audit-20260309-01,0
19jbeVrpWWS0hKkQpFiQWMoc4yBYjFymR,Drive / 2026 Brad Training / BRAD_MOCK_TEST_ALPHA / Mock 4 / February / hha_skill_observation-20260225-01,5,hha_skill_observation-20260225-01,0
1dw6BCCGidPVHcOwLiaaPOajB8ii7HfD_,Drive / 2026 Brad Training / BRAD_MOCK_TEST_ALPHA / Mock 4 / February / post_bill_audit-20260216-01,5,post_bill_audit-20260216-01,0
1HeY532teURrEpqnYjFGwjpQRZXp77lz7,Drive / 2026 Brad Training / BRAD_MOCK_TEST_ALPHA / Mock 4 / February / visit_documentation_audit-20260209-01,5,visit_documentation_audit-20260209-01,0
11q0SkNhryA1X23jQYXkIAjb-No5dsdbf,Drive / 2026 Brad Training / BRAD_MOCK_TEST_ALPHA / Mock 4 / February / pre_bill_audit-20260209-01,5,pre_bill_audit-20260209-01,0
1yJ_SJqL9Td1Bbd-pBxLeRTlOyNk2ackr,Drive / 2026 Brad Training / BRAD_MOCK_TEST_ALPHA / Mock 4 / February / plan_of_care_audit-20260209-01,5,plan_of_care_audit-20260209-01,0
1--4VIccMPz09E9ihmOIQZ1e11vGqka49,Drive / 2026 Brad Training / BRAD_MOCK_TEST_ALPHA / Mock 4 / February / orders_alignment_audit-20260209-01,5,orders_alignment_audit-20260209-01,0
1o04KlUtvXHxi58yVzhdRUkxfd52acuwp,Drive / 2026 Brad Training / BRAD_MOCK_TEST_ALPHA / Mock 4 / February / oasis_accuracy_audit-20260209-01,5,oasis_accuracy_audit-20260209-01,0
1t-yjRYQLbZwQTxFGgzs1b6alRTaNZE2_,Drive / 2026 Brad Training / BRAD_MOCK_TEST_ALPHA / Mock 4 / February / missed_visit_audit-20260209-01,5,missed_visit_audit-20260209-01,0
1l-c9tNI7Kj4K7S98s7TOsLIB8a_qI5Sb,Drive / 2026 Brad Training / BRAD_MOCK_TEST_ALPHA / Mock 4 / February / medication_management_audit-20260209-01,5,medication_management_audit-20260209-01,0
11OL-Kc515Hwy0sEVSY0Y2DxoAkk9obkI,Drive / 2026 Brad Training / BRAD_MOCK_TEST_ALPHA / Mock 4 / February / medical_necessity_audit-20260209-01,5,medical_necessity_audit-20260209-01,0
1YR7Kv4f31AJGkX3R0FGj8ts77GJrSkQX,Drive / 2026 Brad Training / BRAD_MOCK_TEST_ALPHA / Mock 4 / February / license_exclusion_audit-20260209-01,5,license_exclusion_audit-20260209-01,0
1ueJbq8BdFUpQE7xbQh4_Qq4xGPca8NoO,Drive / 2026 Brad Training / BRAD_MOCK_TEST_ALPHA / Mock 4 / February / infection_control_audit-20260209-01,5,infection_control_audit-20260209-01,0
1akUMc2BGMJfFtv-QyYuN9upAkOIx9OE6,Drive / 2026 Brad Training / BRAD_MOCK_TEST_ALPHA / Mock 4 / February / hha_aide_inservice-20260209-01,5,hha_aide_inservice-20260209-01,0
1RqA0zGew2gXqLRYISAj8GyFdu_R-Ssq4,Drive / 2026 Brad Training / BRAD_MOCK_TEST_ALPHA / Mock 4 / February / clinical_record_completeness_audit-20260209-01,5,clinical_record_completeness_audit-20260209-01,0
1evEJCuxGkSQY5sN3tseQe_jqlMd2fb46,Drive / 2026 Brad Training / BRAD_MOCK_TEST_ALPHA / Mock 4 / February / care_coordination_audit-20260209-01,5,care_coordination_audit-20260209-01,0
1-ArLUh8FL--X2k-Gt6cS4bkceAU69E53,Drive / 2026 Brad Training / BRAD_MOCK_TEST_ALPHA / Mock 4 / February / authorization_audit-20260209-01,5,authorization_audit-20260209-01,0
1p1dAOArXdkxM3s7jtxG0PZYL52L8bWi7,Drive / 2026 Brad Training / BRAD_MOCK_TEST_ALPHA / Mock 4 / February / qapi_meeting-20260205-04,5,qapi_meeting-20260205-04,0
131DDC056n_ig5QjG3UPfQSSNyy7_P2-W,Drive / 2026 Brad Training / BRAD_MOCK_TEST_ALPHA / Mock 4 / January / ep_staff_training-20260122-01,5,ep_staff_training-20260122-01,0
1w2RswLRjMuyMJkWqEkWhFE8uauh9WugY,Drive / 2026 Brad Training / BRAD_MOCK_TEST_ALPHA / Mock 4 / January / ep_plan_review-20260115-01,5,ep_plan_review-20260115-01,0
1m_rs5f_fVU3b1hjeNugohPnklot5qBNg,Drive / 2026 Brad Training / BRAD_MOCK_TEST_ALPHA / Mock 4 / January / post_bill_audit-20260114-01,5,post_bill_audit-20260114-01,0
167n1Whb-QOOMhNAProx3oXeukAyMYwCQ,Drive / 2026 Brad Training / BRAD_MOCK_TEST_ALPHA / Mock 4 / January / governance_packet_review-20260108-01,5,governance_packet_review-20260108-01,0
1ZyUZOFBGtDwIn5EtH_x6_ZzV3HhCKCub,Drive / 2026 Brad Training / BRAD_MOCK_TEST_ALPHA / Mock 4 / January / visit_documentation_audit-20260107-01,5,visit_documentation_audit-20260107-01,0
1UqdF8x2T0dgQKpmKmGlVSC9rXX0KFl1_,Drive / 2026 Brad Training / BRAD_MOCK_TEST_ALPHA / Mock 4 / January / pre_bill_audit-20260107-01,5,pre_bill_audit-20260107-01,0
1UVKUA1FbUBgLDkb_1E3M6BIGbEz8407k,Drive / 2026 Brad Training / BRAD_MOCK_TEST_ALPHA / Mock 4 / January / plan_of_care_audit-20260107-01,5,plan_of_care_audit-20260107-01,0
1tL324K3ZTcTC30HAkkxgPUW09crlR9Pn,Drive / 2026 Brad Training / BRAD_MOCK_TEST_ALPHA / Mock 4 / January / orders_alignment_audit-20260107-01,5,orders_alignment_audit-20260107-01,0
1JG3TgdmgTBkIMeD2NwhBjPePDofZ4Lw8,Drive / 2026 Brad Training / BRAD_MOCK_TEST_ALPHA / Mock 4 / January / oasis_accuracy_audit-20260107-01,5,oasis_accuracy_audit-20260107-01,0
1rTZsXKmwyhqKn27gk2SCa_tzSf1agFNd,Drive / 2026 Brad Training / BRAD_MOCK_TEST_ALPHA / Mock 4 / January / missed_visit_audit-20260107-01,5,missed_visit_audit-20260107-01,0
1M7VQipyNsSySOi5L0WFXt28yQQZrQoW-,Drive / 2026 Brad Training / BRAD_MOCK_TEST_ALPHA / Mock 4 / January / medication_management_audit-20260107-01,5,medication_management_audit-20260107-01,0
13H8ism5lCQC2Izw8ouRAwAk9QEh5Tvwy,Drive / 2026 Brad Training / BRAD_MOCK_TEST_ALPHA / Mock 4 / January / medical_necessity_audit-20260107-01,5,medical_necessity_audit-20260107-01,0
1BoXLh_EXGHRdE4C0nJFQ38Qp2yzU2djg,Drive / 2026 Brad Training / BRAD_MOCK_TEST_ALPHA / Mock 4 / January / license_exclusion_audit-20260107-01,5,license_exclusion_audit-20260107-01,0
19oW0xsrZR-GvzfHiIYwctJVwXGOGSwr9,Drive / 2026 Brad Training / BRAD_MOCK_TEST_ALPHA / Mock 4 / January / infection_control_audit-20260107-01,5,infection_control_audit-20260107-01,0
1q11U_v2ifa5brEP_2X0DfRZ9d-mlZnME,Drive / 2026 Brad Training / BRAD_MOCK_TEST_ALPHA / Mock 4 / January / clinical_record_completeness_audit-20260107-01,5,clinical_record_completeness_audit-20260107-01,0
18lSsPW5klaW1cqbSUnYWpPBg9V8ih7Oh,Drive / 2026 Brad Training / BRAD_MOCK_TEST_ALPHA / Mock 4 / January / care_coordination_audit-20260107-01,5,care_coordination_audit-20260107-01,0
1gzhj2D-qTrYITwzfZ4coE6G4-3jg5Bgn,Drive / 2026 Brad Training / BRAD_MOCK_TEST_ALPHA / Mock 4 / January / authorization_audit-20260107-01,5,authorization_audit-20260107-01,0
126gPJ2fv9mn0v9oUI48uLKhM_AY9ELTq,Drive / 2026 Brad Training / BRAD_MOCK_TEST_ALPHA / Mock 4 / January / incident_report-20260101-01,5,incident_report-20260101-01,0
1T0u-ZG-7smAE0qHa6pww_5l_jQ0Z9oqN,Drive / 2026 Brad Training / BRAD_MOCK_TEST_ALPHA / Mock 4 / January / complaint_investigation-20260101-01,5,complaint_investigation-20260101-01,0
1uHEfJGoF7J7VuAHujku8AMiR_3uDSO_p,Drive / 2026 Brad Training / BRAD_MOCK_TEST_ALPHA / Mock 3 / March / hhcahps_filing-20260331-01,5,hhcahps_filing-20260331-01,0
1IoR-xPFxr83THHzqxWxDUUcGj98Y4ngX,Drive / 2026 Brad Training / BRAD_MOCK_TEST_ALPHA / Mock 3 / March / infection_control_review_quarterly-20260325-01,5,infection_control_review_quarterly-20260325-01,0
1-Wpt4K3lLomcbN6MUAjPlNaAbhedIhMo,Drive / 2026 Brad Training / BRAD_MOCK_TEST_ALPHA / Mock 3 / March / incident_response_audit-20260323-01,5,incident_response_audit-20260323-01,0
1qFtCook8WOZV-dV3WO8RcPE0NSGRMZDj,Drive / 2026 Brad Training / BRAD_MOCK_TEST_ALPHA / Mock 3 / March / documentation_alignment_audit-20260323-01,5,documentation_alignment_audit-20260323-01,0
1CEh_NmmYYnhu0YMzk4beJ23gPB3dmnuY,Drive / 2026 Brad Training / BRAD_MOCK_TEST_ALPHA / Mock 3 / March / ep_exercise-20260318-01,5,ep_exercise-20260318-01,0
1k2HrF8FDwBTD3xxgrX3-SSk--5eqdmoa,Drive / 2026 Brad Training / BRAD_MOCK_TEST_ALPHA / Mock 3 / March / staff_file_audit-20260316-01,5,staff_file_audit-20260316-01,0
175V-dpCHG-WtKHNUd2ymK-GLdiZgyqjl,Drive / 2026 Brad Training / BRAD_MOCK_TEST_ALPHA / Mock 3 / March / post_bill_audit-20260316-01,5,post_bill_audit-20260316-01,0
1nhuJgNHIGED6LQIPkIFOB-ABbikNrXRe,Drive / 2026 Brad Training / BRAD_MOCK_TEST_ALPHA / Mock 3 / March / internal_compliance_audit-20260316-01,5,internal_compliance_audit-20260316-01,0
1YgesebNjsYkN4hAwAWFtVvmeQIympcTU,Drive / 2026 Brad Training / BRAD_MOCK_TEST_ALPHA / Mock 3 / March / hha_aide_observation-20260311-01,5,hha_aide_observation-20260311-01,0
1u_axZswrZMBqmGZKOF3OgYQDA_E8lcZ0,Drive / 2026 Brad Training / BRAD_MOCK_TEST_ALPHA / Mock 3 / March / visit_documentation_audit-20260309-01,5,visit_documentation_audit-20260309-01,0
195jvd7FD2CqJkgWtHNL1SSiAhHCVvStD,Drive / 2026 Brad Training / BRAD_MOCK_TEST_ALPHA / Mock 3 / March / pre_bill_audit-20260309-01,5,pre_bill_audit-20260309-01,0
1djHWJG07P0qVp_tiBlO42W--OwhqJ52u,Drive / 2026 Brad Training / BRAD_MOCK_TEST_ALPHA / Mock 3 / March / plan_of_care_audit-20260309-01,5,plan_of_care_audit-20260309-01,0
11bRwleDBPGcks2CKrwaK78bj9X52NGHR,Drive / 2026 Brad Training / BRAD_MOCK_TEST_ALPHA / Mock 3 / March / orders_alignment_audit-20260309-01,5,orders_alignment_audit-20260309-01,0
1T8Q3UNu-p3UEgkcuVmzGVEL_zTZxjfEj,Drive / 2026 Brad Training / BRAD_MOCK_TEST_ALPHA / Mock 3 / March / oasis_accuracy_audit-20260309-01,5,oasis_accuracy_audit-20260309-01,0
17cHv-PQppi4WKdAsaZUCkRk04nsxZIoM,Drive / 2026 Brad Training / BRAD_MOCK_TEST_ALPHA / Mock 3 / March / missed_visit_audit-20260309-01,5,missed_visit_audit-20260309-01,0
1mjkc4Fyx3gcPdGuaVvuw6wLa194bZ_RG,Drive / 2026 Brad Training / BRAD_MOCK_TEST_ALPHA / Mock 3 / March / medication_management_audit-20260309-01,5,medication_management_audit-20260309-01,0
1IF4HJwQNt5KgscYKS4aF2h7GtUHamNqw,Drive / 2026 Brad Training / BRAD_MOCK_TEST_ALPHA / Mock 3 / March / medical_necessity_audit-20260309-01,5,medical_necessity_audit-20260309-01,0
1uh58u-JyfTcbWEPmmsYbigjTvW1TmTdX,Drive / 2026 Brad Training / BRAD_MOCK_TEST_ALPHA / Mock 3 / March / license_exclusion_audit-20260309-01,5,license_exclusion_audit-20260309-01,0
1IRkXRmtrgQnWW0kqNQqlIfi05WIta2zr,Drive / 2026 Brad Training / BRAD_MOCK_TEST_ALPHA / Mock 3 / March / infection_control_audit-20260309-01,5,infection_control_audit-20260309-01,0
1V012_BhlZAiCoZn-0rn0V6ONm9N504Hf,Drive / 2026 Brad Training / BRAD_MOCK_TEST_ALPHA / Mock 3 / March / clinical_record_completeness_audit-20260309-01,5,clinical_record_completeness_audit-20260309-01,0
1aPvL6G95tW8gdLYCMSZTDwjjIw7Edg8A,Drive / 2026 Brad Training / BRAD_MOCK_TEST_ALPHA / Mock 3 / March / care_coordination_audit-20260309-01,5,care_coordination_audit-20260309-01,0
1w5gBjb9rqnFIFkQDbUUTqtyclbOxj5oo,Drive / 2026 Brad Training / BRAD_MOCK_TEST_ALPHA / Mock 3 / March / authorization_audit-20260309-01,5,authorization_audit-20260309-01,0
1wrOM3vQGnRrHUM-oj6973sUX_7h3Gyag,Drive / 2026 Brad Training / BRAD_MOCK_TEST_ALPHA / Mock 3 / February / hha_skill_observation-20260225-01,5,hha_skill_observation-20260225-01,0
1RmdUbvKiJCSq7tcxQ8tWywdTHBRysv-3,Drive / 2026 Brad Training / BRAD_MOCK_TEST_ALPHA / Mock 3 / February / post_bill_audit-20260216-01,5,post_bill_audit-20260216-01,0
1Y1lzdR5XT0tARKQ0lRq1NJ2zceqQCNag,Drive / 2026 Brad Training / BRAD_MOCK_TEST_ALPHA / Mock 3 / February / visit_documentation_audit-20260209-01,5,visit_documentation_audit-20260209-01,0
1pIjjIO01AT7ktGY9dJwfF7scpEYTLEGS,Drive / 2026 Brad Training / BRAD_MOCK_TEST_ALPHA / Mock 3 / February / pre_bill_audit-20260209-01,5,pre_bill_audit-20260209-01,0
14Fl9LoLhU1N1gST0LWEfcW9nRjyR1neL,Drive / 2026 Brad Training / BRAD_MOCK_TEST_ALPHA / Mock 3 / February / plan_of_care_audit-20260209-01,5,plan_of_care_audit-20260209-01,0
1EwqyePKncVNkjMyG_VQV0R4LBoaqOFTq,Drive / 2026 Brad Training / BRAD_MOCK_TEST_ALPHA / Mock 3 / February / orders_alignment_audit-20260209-01,5,orders_alignment_audit-20260209-01,0
1TWu_X-iskTsVOBmy3Vy7oFG0k0KhyICm,Drive / 2026 Brad Training / BRAD_MOCK_TEST_ALPHA / Mock 3 / February / oasis_accuracy_audit-20260209-01,5,oasis_accuracy_audit-20260209-01,0
122kUAWrqf3hJpTHuQP5j2yFYzclfA4DC,Drive / 2026 Brad Training / BRAD_MOCK_TEST_ALPHA / Mock 3 / February / missed_visit_audit-20260209-01,5,missed_visit_audit-20260209-01,0
1P-LzML8_brzxIExMwTAiH968uUMRhgta,Drive / 2026 Brad Training / BRAD_MOCK_TEST_ALPHA / Mock 3 / February / medication_management_audit-20260209-01,5,medication_management_audit-20260209-01,0
1fS1v26R1vwyfh5LRi3KC3DqrxZV43tZ6,Drive / 2026 Brad Training / BRAD_MOCK_TEST_ALPHA / Mock 3 / February / medical_necessity_audit-20260209-01,5,medical_necessity_audit-20260209-01,0
1Vny3opTLuiRvXlGZAYjXukuGPhx1OVBu,Drive / 2026 Brad Training / BRAD_MOCK_TEST_ALPHA / Mock 3 / February / license_exclusion_audit-20260209-01,5,license_exclusion_audit-20260209-01,0
1atA1n-1hK9WtFBhY7m5FzXweQajlioJE,Drive / 2026 Brad Training / BRAD_MOCK_TEST_ALPHA / Mock 3 / February / infection_control_audit-20260209-01,5,infection_control_audit-20260209-01,0
1pNz5r9RCK5cDM8iH6OzL7NAn1rfefqmU,Drive / 2026 Brad Training / BRAD_MOCK_TEST_ALPHA / Mock 3 / February / hha_aide_inservice-20260209-01,5,hha_aide_inservice-20260209-01,0
14SfZIkjCB9BOtBDiiSOc9YM2ErEmDyZa,Drive / 2026 Brad Training / BRAD_MOCK_TEST_ALPHA / Mock 3 / February / clinical_record_completeness_audit-20260209-01,5,clinical_record_completeness_audit-20260209-01,0
1xO9vETgCVulUVrSNAIBjJdTr5U-X1VI2,Drive / 2026 Brad Training / BRAD_MOCK_TEST_ALPHA / Mock 3 / February / care_coordination_audit-20260209-01,5,care_coordination_audit-20260209-01,0
1IfQlIgK90tuhbcMSOuzXIYDs2yqlWwGI,Drive / 2026 Brad Training / BRAD_MOCK_TEST_ALPHA / Mock 3 / February / authorization_audit-20260209-01,5,authorization_audit-20260209-01,0
1bSxnD83h_F3K1p-kjqDCOlIcA0VXMKq_,Drive / 2026 Brad Training / BRAD_MOCK_TEST_ALPHA / Mock 3 / February / qapi_meeting-20260205-04,5,qapi_meeting-20260205-04,0
1q-Vj7yQrRbckBynBtTjMMv2E2XIU5htV,Drive / 2026 Brad Training / BRAD_MOCK_TEST_ALPHA / Mock 3 / January / ep_staff_training-20260122-01,5,ep_staff_training-20260122-01,0
1W4V1mfi4A0mUZKELYIH5ROtLJ5th1VDz,Drive / 2026 Brad Training / BRAD_MOCK_TEST_ALPHA / Mock 3 / January / ep_plan_review-20260115-01,5,ep_plan_review-20260115-01,0
19icEhGaKfCN7HweQJyR65577ECg7iUiY,Drive / 2026 Brad Training / BRAD_MOCK_TEST_ALPHA / Mock 3 / January / post_bill_audit-20260114-01,5,post_bill_audit-20260114-01,0
1ZFpO2Ox2Z0ijldZ9uxjmvdWRhq6yHan3,Drive / 2026 Brad Training / BRAD_MOCK_TEST_ALPHA / Mock 3 / January / governance_packet_review-20260108-01,5,governance_packet_review-20260108-01,0
1AFfLfvH_L7aP2XYWSYTI0Q-iiiTTmZ1f,Drive / 2026 Brad Training / BRAD_MOCK_TEST_ALPHA / Mock 3 / January / visit_documentation_audit-20260107-01,5,visit_documentation_audit-20260107-01,0
1wXsDEWVBKAMy7KVwAoN0KWJV4COA9BIc,Drive / 2026 Brad Training / BRAD_MOCK_TEST_ALPHA / Mock 3 / January / pre_bill_audit-20260107-01,5,pre_bill_audit-20260107-01,0
1dcOgJHMNdnl7OD73JUDThCi49mZar7m5,Drive / 2026 Brad Training / BRAD_MOCK_TEST_ALPHA / Mock 3 / January / plan_of_care_audit-20260107-01,5,plan_of_care_audit-20260107-01,0
1iAyW8BJ7vIX1tG0sqNIqn_3zcQdy9bJU,Drive / 2026 Brad Training / BRAD_MOCK_TEST_ALPHA / Mock 3 / January / orders_alignment_audit-20260107-01,5,orders_alignment_audit-20260107-01,0
1CHvo1N89LUljBRFenaP08S57F6b_yw-z,Drive / 2026 Brad Training / BRAD_MOCK_TEST_ALPHA / Mock 3 / January / oasis_accuracy_audit-20260107-01,5,oasis_accuracy_audit-20260107-01,0
1KirdZtzQzbFyYZ27wiC9dNZi2wBVIj-x,Drive / 2026 Brad Training / BRAD_MOCK_TEST_ALPHA / Mock 3 / January / missed_visit_audit-20260107-01,5,missed_visit_audit-20260107-01,0
1SUGBY2Vo231XmI1jl31iqULbGqsCJM6X,Drive / 2026 Brad Training / BRAD_MOCK_TEST_ALPHA / Mock 3 / January / medication_management_audit-20260107-01,5,medication_management_audit-20260107-01,0
1eiogBi-ro7pC_06-F_8p55PbTEjO1VNh,Drive / 2026 Brad Training / BRAD_MOCK_TEST_ALPHA / Mock 3 / January / medical_necessity_audit-20260107-01,5,medical_necessity_audit-20260107-01,0
1fFtGLxKu1QvXkrLVVG5_aP9L4xTNAZTd,Drive / 2026 Brad Training / BRAD_MOCK_TEST_ALPHA / Mock 3 / January / license_exclusion_audit-20260107-01,5,license_exclusion_audit-20260107-01,0
1vWqH4BAQ1Bgx1wXfWu2-BdSTDvdJZSF0,Drive / 2026 Brad Training / BRAD_MOCK_TEST_ALPHA / Mock 3 / January / infection_control_audit-20260107-01,5,infection_control_audit-20260107-01,0
1A9mdTQLD_wxM2sVitgO6f95jWu-F8FC7,Drive / 2026 Brad Training / BRAD_MOCK_TEST_ALPHA / Mock 3 / January / clinical_record_completeness_audit-20260107-01,5,clinical_record_completeness_audit-20260107-01,0
1jmU48zEomzL2i_TLw9-x63fYZXJkyDZ4,Drive / 2026 Brad Training / BRAD_MOCK_TEST_ALPHA / Mock 3 / January / care_coordination_audit-20260107-01,5,care_coordination_audit-20260107-01,0
1M4v2jenZaTRHJyXQLab-mFUDaHDyCjBi,Drive / 2026 Brad Training / BRAD_MOCK_TEST_ALPHA / Mock 3 / January / authorization_audit-20260107-01,5,authorization_audit-20260107-01,0
13_sCKoNqZlTI34mJfoLyAEDoS_raAK91,Drive / 2026 Brad Training / BRAD_MOCK_TEST_ALPHA / Mock 3 / January / incident_report-20260101-01,5,incident_report-20260101-01,0
1tq8cISik2KfqgxxMLO2Fu-IlKG_urL-a,Drive / 2026 Brad Training / BRAD_MOCK_TEST_ALPHA / Mock 3 / January / complaint_investigation-20260101-01,5,complaint_investigation-20260101-01,0
1Y_RnjmhOLtXssecZ-fLbWzmDZm4iEBya,Drive / 2026 Brad Training / BRAD_MOCK_TEST_ALPHA / Mock 2 / March / hhcahps_filing-20260331-01,5,hhcahps_filing-20260331-01,0
1WU70Jt5dwHGxKcnfJwtByBIjVuT8F-8w,Drive / 2026 Brad Training / BRAD_MOCK_TEST_ALPHA / Mock 2 / March / infection_control_review_quarterly-20260325-01,5,infection_control_review_quarterly-20260325-01,0
1pSlyyd1shP3AwYy8LQNavR08_4oedWyd,Drive / 2026 Brad Training / BRAD_MOCK_TEST_ALPHA / Mock 2 / March / incident_response_audit-20260323-01,5,incident_response_audit-20260323-01,0
1gfKbbN5r5tjqgiiNYNBRh_9Xq8C-Pglb,Drive / 2026 Brad Training / BRAD_MOCK_TEST_ALPHA / Mock 2 / March / documentation_alignment_audit-20260323-01,5,documentation_alignment_audit-20260323-01,0
132ZlOCNpVs-UuuBv0-UT056JBORKvj4R,Drive / 2026 Brad Training / BRAD_MOCK_TEST_ALPHA / Mock 2 / March / ep_exercise-20260318-01,5,ep_exercise-20260318-01,0
1ZWwbkjtHR6SYoSF0Oylwe1L45msbC61c,Drive / 2026 Brad Training / BRAD_MOCK_TEST_ALPHA / Mock 2 / March / staff_file_audit-20260316-01,5,staff_file_audit-20260316-01,0
1ql6lMy_z4YYjy8KdWhPio5NxBORItGaC,Drive / 2026 Brad Training / BRAD_MOCK_TEST_ALPHA / Mock 2 / March / post_bill_audit-20260316-01,5,post_bill_audit-20260316-01,0
1EWB2uyYBIqiaHd0n_ormlYpBAcw-c790,Drive / 2026 Brad Training / BRAD_MOCK_TEST_ALPHA / Mock 2 / March / internal_compliance_audit-20260316-01,5,internal_compliance_audit-20260316-01,0
1H44tlG6o5Riv25qo2oVwLz6oEoLMbxnX,Drive / 2026 Brad Training / BRAD_MOCK_TEST_ALPHA / Mock 2 / March / hha_aide_observation-20260311-01,5,hha_aide_observation-20260311-01,0
1yWfsXBr0dm57vpBWrT0Osj9qG_wmj9t0,Drive / 2026 Brad Training / BRAD_MOCK_TEST_ALPHA / Mock 2 / March / visit_documentation_audit-20260309-01,5,visit_documentation_audit-20260309-01,0
1Uczfi5hcMInyoyTz9ruADIl2Tf3Y2qVg,Drive / 2026 Brad Training / BRAD_MOCK_TEST_ALPHA / Mock 2 / March / pre_bill_audit-20260309-01,5,pre_bill_audit-20260309-01,0
1s1-nPm9XHRHaj2wgqE_vhfNWan0pw880,Drive / 2026 Brad Training / BRAD_MOCK_TEST_ALPHA / Mock 2 / March / plan_of_care_audit-20260309-01,5,plan_of_care_audit-20260309-01,0
15ZnhIQQkuXbNDHPhk6ywc7XumLzgPN9J,Drive / 2026 Brad Training / BRAD_MOCK_TEST_ALPHA / Mock 2 / March / orders_alignment_audit-20260309-01,5,orders_alignment_audit-20260309-01,0
1FSgi70RVdjmlzPp7HEJHJJByELgeabMZ,Drive / 2026 Brad Training / BRAD_MOCK_TEST_ALPHA / Mock 2 / March / oasis_accuracy_audit-20260309-01,5,oasis_accuracy_audit-20260309-01,0
10sXNBhxX9i6qT7bACm17huzQ8tSTOLKF,Drive / 2026 Brad Training / BRAD_MOCK_TEST_ALPHA / Mock 2 / March / missed_visit_audit-20260309-01,5,missed_visit_audit-20260309-01,0
12eEnSjveFGY-hFW7o6oqamYZ6dh_nXKs,Drive / 2026 Brad Training / BRAD_MOCK_TEST_ALPHA / Mock 2 / March / medication_management_audit-20260309-01,5,medication_management_audit-20260309-01,0
1oWLlGC4wRf-pqGkUXkQeK5NehX63PEr9,Drive / 2026 Brad Training / BRAD_MOCK_TEST_ALPHA / Mock 2 / March / medical_necessity_audit-20260309-01,5,medical_necessity_audit-20260309-01,0
1pjtR6PsPIrTXwPNoGJeV-bhGVPsAzQII,Drive / 2026 Brad Training / BRAD_MOCK_TEST_ALPHA / Mock 2 / March / license_exclusion_audit-20260309-01,5,license_exclusion_audit-20260309-01,0
1NUa6GSUogPgpr2rJC2m2jjgT34mWz1YQ,Drive / 2026 Brad Training / BRAD_MOCK_TEST_ALPHA / Mock 2 / March / infection_control_audit-20260309-01,5,infection_control_audit-20260309-01,0
1aBPGuHb7nYc_FXuL3nm4Sfgki_OK9E7p,Drive / 2026 Brad Training / BRAD_MOCK_TEST_ALPHA / Mock 2 / March / clinical_record_completeness_audit-20260309-01,5,clinical_record_completeness_audit-20260309-01,0
1XMdcDKmji4cBS7LmmWFCO_vQHX0YX-g6,Drive / 2026 Brad Training / BRAD_MOCK_TEST_ALPHA / Mock 2 / March / care_coordination_audit-20260309-01,5,care_coordination_audit-20260309-01,0
1b2LaAX4iTIYiy7ZCv3fdZPFJjEvXLdCz,Drive / 2026 Brad Training / BRAD_MOCK_TEST_ALPHA / Mock 2 / March / authorization_audit-20260309-01,5,authorization_audit-20260309-01,0
1tgaPB_lRbjKkrK-rDwUmKbKtjOq_fCfC,Drive / 2026 Brad Training / BRAD_MOCK_TEST_ALPHA / Mock 2 / February / hha_skill_observation-20260225-01,5,hha_skill_observation-20260225-01,0
11SLbL5ia1TPJ1E0DQKqHEaaPz2WP1F_A,Drive / 2026 Brad Training / BRAD_MOCK_TEST_ALPHA / Mock 2 / February / post_bill_audit-20260216-01,5,post_bill_audit-20260216-01,0
1vMUJf8tk1yaLlULuqX3nh03CbmFTEC15,Drive / 2026 Brad Training / BRAD_MOCK_TEST_ALPHA / Mock 2 / February / visit_documentation_audit-20260209-01,5,visit_documentation_audit-20260209-01,0
10FWAp06Dr6d29oxoD7-Y2Dl6HxopyhMd,Drive / 2026 Brad Training / BRAD_MOCK_TEST_ALPHA / Mock 2 / February / pre_bill_audit-20260209-01,5,pre_bill_audit-20260209-01,0
1ZM0t0fcGeNTDr9Agb6e-1tCUyqQcgOle,Drive / 2026 Brad Training / BRAD_MOCK_TEST_ALPHA / Mock 2 / February / plan_of_care_audit-20260209-01,5,plan_of_care_audit-20260209-01,0
1qzhMQRR341bMJaGvnTBX5DclD3HZ288i,Drive / 2026 Brad Training / BRAD_MOCK_TEST_ALPHA / Mock 2 / February / orders_alignment_audit-20260209-01,5,orders_alignment_audit-20260209-01,0
1Y6UINgCxaHoGLTXG0gZwxunEwYEGvjIW,Drive / 2026 Brad Training / BRAD_MOCK_TEST_ALPHA / Mock 2 / February / oasis_accuracy_audit-20260209-01,5,oasis_accuracy_audit-20260209-01,0
1eQnDPpjnEJlkLCyesi83xs2PNrUsZBA0,Drive / 2026 Brad Training / BRAD_MOCK_TEST_ALPHA / Mock 2 / February / missed_visit_audit-20260209-01,5,missed_visit_audit-20260209-01,0
1kG9rtBgxFt0TDbJCAeOAs1KZxn_398BN,Drive / 2026 Brad Training / BRAD_MOCK_TEST_ALPHA / Mock 2 / February / medication_management_audit-20260209-01,5,medication_management_audit-20260209-01,0
1cfCOyqYXS_agXH3Gg0htJy4rMiLTAWeG,Drive / 2026 Brad Training / BRAD_MOCK_TEST_ALPHA / Mock 2 / February / medical_necessity_audit-20260209-01,5,medical_necessity_audit-20260209-01,0
1wtaWTFV8MkAk0XL3Z0i23LjzwM5eQdWu,Drive / 2026 Brad Training / BRAD_MOCK_TEST_ALPHA / Mock 2 / February / license_exclusion_audit-20260209-01,5,license_exclusion_audit-20260209-01,0
1C4tQbzRxo6leSGphry2X3lTnw0Xhj23n,Drive / 2026 Brad Training / BRAD_MOCK_TEST_ALPHA / Mock 2 / February / infection_control_audit-20260209-01,5,infection_control_audit-20260209-01,0
1Q1mdQEyJRPp3z600Ndt6SfVivEvVsZvz,Drive / 2026 Brad Training / BRAD_MOCK_TEST_ALPHA / Mock 2 / February / hha_aide_inservice-20260209-01,5,hha_aide_inservice-20260209-01,0
1jygPbp05rpQUfRMhatFVHFshEl-RIYuV,Drive / 2026 Brad Training / BRAD_MOCK_TEST_ALPHA / Mock 2 / February / clinical_record_completeness_audit-20260209-01,5,clinical_record_completeness_audit-20260209-01,0
1rOtMTiXkoas8Xwja6FMr4YunHDUEWZoP,Drive / 2026 Brad Training / BRAD_MOCK_TEST_ALPHA / Mock 2 / February / care_coordination_audit-20260209-01,5,care_coordination_audit-20260209-01,0
196DqyDXGIn224soP5bN8lc58YnI6S1Xv,Drive / 2026 Brad Training / BRAD_MOCK_TEST_ALPHA / Mock 2 / February / authorization_audit-20260209-01,5,authorization_audit-20260209-01,0
1Doj8jzB54TxFD2btELkA9jX3cwmdBeMb,Drive / 2026 Brad Training / BRAD_MOCK_TEST_ALPHA / Mock 2 / February / qapi_meeting-20260205-04,5,qapi_meeting-20260205-04,0
1b-eAGBeArWAWEHbv8KCAZVtxoImT6f_h,Drive / 2026 Brad Training / BRAD_MOCK_TEST_ALPHA / Mock 2 / January / ep_staff_training-20260122-01,5,ep_staff_training-20260122-01,0
15dGu4oeJpfGJ5mzVA-3CZGPvqlJMw5OP,Drive / 2026 Brad Training / BRAD_MOCK_TEST_ALPHA / Mock 2 / January / ep_plan_review-20260115-01,5,ep_plan_review-20260115-01,0
1Hp7a7noVr7_MacR9fMn77FlED1YRbN2F,Drive / 2026 Brad Training / BRAD_MOCK_TEST_ALPHA / Mock 2 / January / post_bill_audit-20260114-01,5,post_bill_audit-20260114-01,0
1TfrRyPnJQLqLmJct7JtJlFzNMcL_iAlZ,Drive / 2026 Brad Training / BRAD_MOCK_TEST_ALPHA / Mock 2 / January / governance_packet_review-20260108-01,5,governance_packet_review-20260108-01,0
1J2hs5wEaGx4J-4RyaS94ESJgNxG5si9d,Drive / 2026 Brad Training / BRAD_MOCK_TEST_ALPHA / Mock 2 / January / visit_documentation_audit-20260107-01,5,visit_documentation_audit-20260107-01,0
15lEDs62914JL1Ct9p2ld8J9jXIeMe0MD,Drive / 2026 Brad Training / BRAD_MOCK_TEST_ALPHA / Mock 2 / January / pre_bill_audit-20260107-01,5,pre_bill_audit-20260107-01,0
1Id5SbZdfhARLQX_dxIlStamyynHIxL-K,Drive / 2026 Brad Training / BRAD_MOCK_TEST_ALPHA / Mock 2 / January / plan_of_care_audit-20260107-01,5,plan_of_care_audit-20260107-01,0
1jCzRHGCZ8CLZMUKh1IGLYgIF0RlD9nij,Drive / 2026 Brad Training / BRAD_MOCK_TEST_ALPHA / Mock 2 / January / orders_alignment_audit-20260107-01,5,orders_alignment_audit-20260107-01,0
1QvFxZy3NZlVCR5bHYQcM1eQv6dLSgyUl,Drive / 2026 Brad Training / BRAD_MOCK_TEST_ALPHA / Mock 2 / January / oasis_accuracy_audit-20260107-01,5,oasis_accuracy_audit-20260107-01,0
1Z08Z7OUmwsUk8HJNj4dm_mHFTUfBTUA6,Drive / 2026 Brad Training / BRAD_MOCK_TEST_ALPHA / Mock 2 / January / missed_visit_audit-20260107-01,5,missed_visit_audit-20260107-01,0
1b3FJEMFoNKWqSv2vgJ9Ba-pkklnycdD1,Drive / 2026 Brad Training / BRAD_MOCK_TEST_ALPHA / Mock 2 / January / medication_management_audit-20260107-01,5,medication_management_audit-20260107-01,0
11QYrBTj7j8KApUW1Kq32F5aLdsv1uhiI,Drive / 2026 Brad Training / BRAD_MOCK_TEST_ALPHA / Mock 2 / January / medical_necessity_audit-20260107-01,5,medical_necessity_audit-20260107-01,0
1JgzJb5VOrKYubKaEEroQtrv3Z5eYJDKH,Drive / 2026 Brad Training / BRAD_MOCK_TEST_ALPHA / Mock 2 / January / license_exclusion_audit-20260107-01,5,license_exclusion_audit-20260107-01,0
14sewTSQnLBTej3zXNk9-yh98PzaJsavB,Drive / 2026 Brad Training / BRAD_MOCK_TEST_ALPHA / Mock 2 / January / infection_control_audit-20260107-01,5,infection_control_audit-20260107-01,0
1DgWJSzAa-J6NLw_LLZ4sWcbFaOSa1auX,Drive / 2026 Brad Training / BRAD_MOCK_TEST_ALPHA / Mock 2 / January / clinical_record_completeness_audit-20260107-01,5,clinical_record_completeness_audit-20260107-01,0
1gCzHV2xNwseCmiWNKT9ZuvB6f6j4kAib,Drive / 2026 Brad Training / BRAD_MOCK_TEST_ALPHA / Mock 2 / January / care_coordination_audit-20260107-01,5,care_coordination_audit-20260107-01,0
1CnPEgHM4W8xPYd4IVnXi5qZfp7YvFeEw,Drive / 2026 Brad Training / BRAD_MOCK_TEST_ALPHA / Mock 2 / January / authorization_audit-20260107-01,5,authorization_audit-20260107-01,0
1cXI6qbQUvoCesocMJ2t7uoj4wLsSap90,Drive / 2026 Brad Training / BRAD_MOCK_TEST_ALPHA / Mock 2 / January / incident_report-20260101-01,5,incident_report-20260101-01,0
10YpJXt0AGPnolc2ushPDZ4YNTCuY32zT,Drive / 2026 Brad Training / BRAD_MOCK_TEST_ALPHA / Mock 2 / January / complaint_investigation-20260101-01,5,complaint_investigation-20260101-01,0
1FPKqUNa3ke3qG5DfOlL5XXiJjMErW307,Drive / 2026 Brad Training / BRAD_MOCK_TEST_ALPHA / Mock 1 / February / hha_skill_observation-20260225-01,5,hha_skill_observation-20260225-01,0
1sxv95kU2raAvb6KV1RlKTdP-ExNN-BkC,Drive / 2026 Brad Training / BRAD_MOCK_TEST_ALPHA / Mock 1 / February / post_bill_audit-20260216-01,5,post_bill_audit-20260216-01,0
1dGDVjqMupDSlvNsE8I89_569j6geqkbJ,Drive / 2026 Brad Training / BRAD_MOCK_TEST_ALPHA / Mock 1 / February / visit_documentation_audit-20260209-01,5,visit_documentation_audit-20260209-01,0
1iPXAAm8JIsiyMSyfCpyGY5KBEnulcpp9,Drive / 2026 Brad Training / BRAD_MOCK_TEST_ALPHA / Mock 1 / February / pre_bill_audit-20260209-01,5,pre_bill_audit-20260209-01,0
1cJ61uAAOZp-mDE1vPIYWxtk_WZhJ4meV,Drive / 2026 Brad Training / BRAD_MOCK_TEST_ALPHA / Mock 1 / February / plan_of_care_audit-20260209-01,5,plan_of_care_audit-20260209-01,0
1L12L9ue_Nu4NFE1K7H3-4BJUhHqRv9GF,Drive / 2026 Brad Training / BRAD_MOCK_TEST_ALPHA / Mock 1 / February / orders_alignment_audit-20260209-01,5,orders_alignment_audit-20260209-01,0
1Rz2WCzECESe08I-OytN7T04kO9dk03Jj,Drive / 2026 Brad Training / BRAD_MOCK_TEST_ALPHA / Mock 1 / February / oasis_accuracy_audit-20260209-01,5,oasis_accuracy_audit-20260209-01,0
1VGxgsXbeE_Tl3NObcFyMRHST9vhPFMf2,Drive / 2026 Brad Training / BRAD_MOCK_TEST_ALPHA / Mock 1 / February / missed_visit_audit-20260209-01,5,missed_visit_audit-20260209-01,0
1S6wW-9ecUz_bI4l75EXA2xBwB73fX2cI,Drive / 2026 Brad Training / BRAD_MOCK_TEST_ALPHA / Mock 1 / February / medication_management_audit-20260209-01,5,medication_management_audit-20260209-01,0
1j0aZVQQDhDZ-eZ_wh36EXFoDJRWEw5f4,Drive / 2026 Brad Training / BRAD_MOCK_TEST_ALPHA / Mock 1 / February / medical_necessity_audit-20260209-01,5,medical_necessity_audit-20260209-01,0
1Sle-hSW3RAdtXqEOKjs-TZhgRVHRUERH,Drive / 2026 Brad Training / BRAD_MOCK_TEST_ALPHA / Mock 1 / February / license_exclusion_audit-20260209-01,5,license_exclusion_audit-20260209-01,0
1E5XlmbDLkLGpHxZjHdJR7aJ9KuHzgTfU,Drive / 2026 Brad Training / BRAD_MOCK_TEST_ALPHA / Mock 1 / February / infection_control_audit-20260209-01,5,infection_control_audit-20260209-01,0
14ohhRJ_pOnr59Hveq7thv8izlBT_Bekt,Drive / 2026 Brad Training / BRAD_MOCK_TEST_ALPHA / Mock 1 / February / hha_aide_inservice-20260209-01,5,hha_aide_inservice-20260209-01,0
1Kxr8PZ-S1IYS6ByYH1YWZ0sG4jAWYO7X,Drive / 2026 Brad Training / BRAD_MOCK_TEST_ALPHA / Mock 1 / February / clinical_record_completeness_audit-20260209-01,5,clinical_record_completeness_audit-20260209-01,0
124oJ8aahUxMcfgXE7fTHkMC2ZpMeH7tO,Drive / 2026 Brad Training / BRAD_MOCK_TEST_ALPHA / Mock 1 / February / care_coordination_audit-20260209-01,5,care_coordination_audit-20260209-01,0
1msVNbWpr9UzzeAOPyBLq9-LM3ASsk7aN,Drive / 2026 Brad Training / BRAD_MOCK_TEST_ALPHA / Mock 1 / February / authorization_audit-20260209-01,5,authorization_audit-20260209-01,0
1P_BC7ntUgXS6sTndJBo96d5IRqP_OUWa,Drive / 2026 Brad Training / BRAD_MOCK_TEST_ALPHA / Mock 1 / February / qapi_meeting-20260205-04,5,qapi_meeting-20260205-04,0
1FdsBm-pxskElPs9Fi21dbpOl6GnyL66w,Drive / 2026 Brad Training / BRAD_MOCK_TEST_ALPHA / Mock 1 / January / ep_staff_training-20260122-01,5,ep_staff_training-20260122-01,0
1YVbc_9xqIhH3zSomTOXhdCiipNsbI-97,Drive / 2026 Brad Training / BRAD_MOCK_TEST_ALPHA / Mock 1 / January / ep_plan_review-20260115-01,5,ep_plan_review-20260115-01,0
1Q26dq73OC499Aadw9p0weP-mB3AQEc2e,Drive / 2026 Brad Training / BRAD_MOCK_TEST_ALPHA / Mock 1 / January / post_bill_audit-20260114-01,5,post_bill_audit-20260114-01,0
1eU62GLqyKeriIBj3osijvVkvdGMh9E3S,Drive / 2026 Brad Training / BRAD_MOCK_TEST_ALPHA / Mock 1 / January / governance_packet_review-20260108-01,5,governance_packet_review-20260108-01,0
1Ri6oUeod2OyXjb1NyXNBsDk30RSFv8cf,Drive / 2026 Brad Training / BRAD_MOCK_TEST_ALPHA / Mock 1 / January / visit_documentation_audit-20260107-01,5,visit_documentation_audit-20260107-01,0
1aB6UUtrcWZiswKRvhhI3rbO1l1y0oYkK,Drive / 2026 Brad Training / BRAD_MOCK_TEST_ALPHA / Mock 1 / January / pre_bill_audit-20260107-01,5,pre_bill_audit-20260107-01,0
1O5GUx35cAQ8Mf0hZGJKGfHf_iIOJ2Sli,Drive / 2026 Brad Training / BRAD_MOCK_TEST_ALPHA / Mock 1 / January / plan_of_care_audit-20260107-01,5,plan_of_care_audit-20260107-01,0
1wDotNZgZjBOyM04P9qGtYqzi_wQDSSVi,Drive / 2026 Brad Training / BRAD_MOCK_TEST_ALPHA / Mock 1 / January / orders_alignment_audit-20260107-01,5,orders_alignment_audit-20260107-01,0
16Grj18PHiJa0WC8gMSAPNNR00kk0gXbB,Drive / 2026 Brad Training / BRAD_MOCK_TEST_ALPHA / Mock 1 / January / oasis_accuracy_audit-20260107-01,5,oasis_accuracy_audit-20260107-01,0
1iBEbbEmZqviqaOHIYXmVkvv1_i-Jg2Mh,Drive / 2026 Brad Training / BRAD_MOCK_TEST_ALPHA / Mock 1 / January / missed_visit_audit-20260107-01,5,missed_visit_audit-20260107-01,0
1t58WqRC_FMO02x4ZNcz9ofvt1TPK0BSF,Drive / 2026 Brad Training / BRAD_MOCK_TEST_ALPHA / Mock 1 / January / medication_management_audit-20260107-01,5,medication_management_audit-20260107-01,0
1u5Cz_Ni2JmyAfih-wtn90jULE3rlscx3,Drive / 2026 Brad Training / BRAD_MOCK_TEST_ALPHA / Mock 1 / January / medical_necessity_audit-20260107-01,5,medical_necessity_audit-20260107-01,0
1u1EPkc_4g6gGeP_3scQsz9a07nPO2is5,Drive / 2026 Brad Training / BRAD_MOCK_TEST_ALPHA / Mock 1 / January / license_exclusion_audit-20260107-01,5,license_exclusion_audit-20260107-01,0
1Tlw0LD2QpRYakHMYYOnqN9eUxnAGiPeS,Drive / 2026 Brad Training / BRAD_MOCK_TEST_ALPHA / Mock 1 / January / infection_control_audit-20260107-01,5,infection_control_audit-20260107-01,0
1MMTmhWaFz9TtXW0iI4AIxyEa44cq_1A2,Drive / 2026 Brad Training / BRAD_MOCK_TEST_ALPHA / Mock 1 / January / clinical_record_completeness_audit-20260107-01,5,clinical_record_completeness_audit-20260107-01,0
1MgAOBba7D1g7PatDMBzGhWsvRznQn6Kj,Drive / 2026 Brad Training / BRAD_MOCK_TEST_ALPHA / Mock 1 / January / care_coordination_audit-20260107-01,5,care_coordination_audit-20260107-01,0
1Ypy8DgATZhWW-CHbfMLfveNn1F1rQ1fj,Drive / 2026 Brad Training / BRAD_MOCK_TEST_ALPHA / Mock 1 / January / authorization_audit-20260107-01,5,authorization_audit-20260107-01,0
1d8XlvumJBkhTMuBWSwvT4EP8tH_LcrUs,Drive / 2026 Brad Training / BRAD_MOCK_TEST_ALPHA / Mock 1 / January / incident_report-20260101-01,5,incident_report-20260101-01,0
1ubdQxcltpGNhhy7RIxCERyIAphe5fL3C,Drive / 2026 Brad Training / BRAD_MOCK_TEST_ALPHA / Mock 1 / January / complaint_investigation-20260101-01,5,complaint_investigation-20260101-01,0
1ZZ3wtJKpO9N86czDHIPHFwgqt7YRmNxT,Drive / 2026 Brad Training / BRAD_MOCK_TEST_ALPHA / Mock 1 / March / perfect-control-mock-001,5,perfect-control-mock-001,0
1Lbk-Q04H4IdtRdmYpmjWjt-UN3F5UrSa,Drive / 2026 Brad Training / BRAD_MOCK_TEST_ALPHA / Mock 1 / March / hhcahps_filing-20260331-01,5,hhcahps_filing-20260331-01,0
15bA8FJa-ONmgAm6zI6vSwO_mTFRt_fZP,Drive / 2026 Brad Training / BRAD_MOCK_TEST_ALPHA / Mock 1 / March / infection_control_review_quarterly-20260325-01,5,infection_control_review_quarterly-20260325-01,0
1VXp6zuA7HsEzsk2Dh5eY3FEzpuG5Q26I,Drive / 2026 Brad Training / BRAD_MOCK_TEST_ALPHA / Mock 1 / March / incident_response_audit-20260323-01,5,incident_response_audit-20260323-01,0
1HEDvWrYglSy44oyN6hO4326CyJcpomNV,Drive / 2026 Brad Training / BRAD_MOCK_TEST_ALPHA / Mock 1 / March / documentation_alignment_audit-20260323-01,5,documentation_alignment_audit-20260323-01,0
1t4S2PBMWW2IjJb-319yNNxBKPL1r-arE,Drive / 2026 Brad Training / BRAD_MOCK_TEST_ALPHA / Mock 1 / March / ep_exercise-20260318-01,5,ep_exercise-20260318-01,0
1N53wrRUT0l9mtr-kRx_t0pQ8zjOpo1Wd,Drive / 2026 Brad Training / BRAD_MOCK_TEST_ALPHA / Mock 1 / March / staff_file_audit-20260316-01,5,staff_file_audit-20260316-01,0
13H83aXhERqfywrwIB-KeCEcE6VpsF9zn,Drive / 2026 Brad Training / BRAD_MOCK_TEST_ALPHA / Mock 1 / March / post_bill_audit-20260316-01,5,post_bill_audit-20260316-01,0
1tHIuyJvM7YcKXcnJD43RjgEPjWg1vTC0,Drive / 2026 Brad Training / BRAD_MOCK_TEST_ALPHA / Mock 1 / March / internal_compliance_audit-20260316-01,5,internal_compliance_audit-20260316-01,0
1zxxgIXO7V4tIpVE0cbGNnzcCQQRFwin_,Drive / 2026 Brad Training / BRAD_MOCK_TEST_ALPHA / Mock 1 / March / hha_aide_observation-20260311-01,5,hha_aide_observation-20260311-01,0
1Rxo7zsseTbGNDQIUcVdl7G80HRohxYi0,Drive / 2026 Brad Training / BRAD_MOCK_TEST_ALPHA / Mock 1 / March / visit_documentation_audit-20260309-01,5,visit_documentation_audit-20260309-01,0
1tFv-ipGUXvdbB2B7podiqrrRW80krg0w,Drive / 2026 Brad Training / BRAD_MOCK_TEST_ALPHA / Mock 1 / March / pre_bill_audit-20260309-01,5,pre_bill_audit-20260309-01,0
1zFAKlM_GE4ueX9Ve1q-BqARdMeN14XNL,Drive / 2026 Brad Training / BRAD_MOCK_TEST_ALPHA / Mock 1 / March / plan_of_care_audit-20260309-01,5,plan_of_care_audit-20260309-01,0
16QOAF4X-3agCGGXTNMx_BI4DnpV1k_RF,Drive / 2026 Brad Training / BRAD_MOCK_TEST_ALPHA / Mock 1 / March / orders_alignment_audit-20260309-01,5,orders_alignment_audit-20260309-01,0
1CgOrFrDwAT8SL7BM79oOE914vP615UX-,Drive / 2026 Brad Training / BRAD_MOCK_TEST_ALPHA / Mock 1 / March / oasis_accuracy_audit-20260309-01,5,oasis_accuracy_audit-20260309-01,0
1Di5h7QlKkl_Dj8hsQOiDyk_PCRxqF1RA,Drive / 2026 Brad Training / BRAD_MOCK_TEST_ALPHA / Mock 1 / March / missed_visit_audit-20260309-01,5,missed_visit_audit-20260309-01,0
178cQvDnqgPvINeIdXsBkveMs9c2EM6qC,Drive / 2026 Brad Training / BRAD_MOCK_TEST_ALPHA / Mock 1 / March / medication_management_audit-20260309-01,5,medication_management_audit-20260309-01,0
16Owfjl2iZNn8Prpg8Lil2VAp_neCSbK1,Drive / 2026 Brad Training / BRAD_MOCK_TEST_ALPHA / Mock 1 / March / medical_necessity_audit-20260309-01,5,medical_necessity_audit-20260309-01,0
1bhdO3lN0BQWpRCFM2mSINvizoo3PUyqV,Drive / 2026 Brad Training / BRAD_MOCK_TEST_ALPHA / Mock 1 / March / license_exclusion_audit-20260309-01,5,license_exclusion_audit-20260309-01,0
1gevGL1Ih3krI207Q3OkbZSfpUBqC8zpH,Drive / 2026 Brad Training / BRAD_MOCK_TEST_ALPHA / Mock 1 / March / infection_control_audit-20260309-01,5,infection_control_audit-20260309-01,0
1C-MoW3fqRIdozd_gEKkd4M-wSfXRkliE,Drive / 2026 Brad Training / BRAD_MOCK_TEST_ALPHA / Mock 1 / March / clinical_record_completeness_audit-20260309-01,5,clinical_record_completeness_audit-20260309-01,0
1n77HGijv2Jmb7Z_YedOIgUATujhmWdle,Drive / 2026 Brad Training / BRAD_MOCK_TEST_ALPHA / Mock 1 / March / care_coordination_audit-20260309-01,5,care_coordination_audit-20260309-01,0
1NDQ3i4FLnn-95iE_QoOZrLFBOkxsouUe,Drive / 2026 Brad Training / BRAD_MOCK_TEST_ALPHA / Mock 1 / March / authorization_audit-20260309-01,5,authorization_audit-20260309-01,0
140NamTmlpCqQXOGIj3VzEH4Cxh_T4fkd,Drive / 2026 Brad Training / BRAD_MOCK_TEST_ALPHA / Mock 1 / March / disciplinary-mock-001,5,disciplinary-mock-001,0
1rx_9e45w0KbxnjCdPsIxLMlGCUsK39BH,Drive / 2026 Brad Training / BRAD_MOCK_TEST_ALPHA / Mock 5 H1 / Brad Training Mock Test / June,5,June,0
12OW2bKrvA7e1LLfdV26vOVhsvwZbO-w_,Drive / 2026 Brad Training / BRAD_MOCK_TEST_ALPHA / Mock 5 H1 / Brad Training Mock Test / June,5,June,0
1ih83rvATB0bQ6T4Hp2bry-xMSlf1JPn0,Drive / 2026 Brad Training / BRAD_MOCK_TEST_ALPHA / Mock 5 H1 / Brad Training Mock Test / June,5,June,0
1UncyNB8EjnzsccIXsSAt0zMqhjQp6jnR,Drive / 2026 Brad Training / BRAD_MOCK_TEST_ALPHA / Mock 5 H1 / Brad Training Mock Test / May,5,May,0
1WaMujFUtPtyVmV0yUc5GQ3DcFZX-F-Qi,Drive / 2026 Brad Training / BRAD_MOCK_TEST_ALPHA / Mock 5 H1 / Brad Training Mock Test / May,5,May,0
12yEoL_16lFx0f90HiVrXwTB0e65EquPw,Drive / 2026 Brad Training / BRAD_MOCK_TEST_ALPHA / Mock 5 H1 / Brad Training Mock Test / May,5,May,0
1pCwxUhCB5KOYX5fIUSJHP1Ay001VqQ7g,Drive / 2026 Brad Training / BRAD_MOCK_TEST_ALPHA / Mock 5 H1 / Brad Training Mock Test / April,5,April,0
1dWLdlCu_b3vpedEc0JvTSn8yVwUj3z43,Drive / 2026 Brad Training / BRAD_MOCK_TEST_ALPHA / Mock 5 H1 / Brad Training Mock Test / April,5,April,0
1dd77T2KB67FsIKfBoicmuJB0V5xwQuSD,Drive / 2026 Brad Training / BRAD_MOCK_TEST_ALPHA / Mock 5 H1 / Brad Training Mock Test / April,5,April,0
1AtEsPTA9r5FU_h7KyYrWm0_mpIToILDF,Drive / 2026 Brad Training / BRAD_MOCK_TEST_ALPHA / Mock 5 H1 / Brad Training Mock Test / April,5,April,0
1KecA00BPVM0XFgxRkHYLRxzAflLbLCW7,Drive / 2026 Brad Training / BRAD_MOCK_TEST_ALPHA / Mock 5 H1 / Brad Training Mock Test / April,5,April,0
10bIWZqwI4x5UZcQmRtwK8ROJQDLMC5Es,Drive / 2026 Brad Training / BRAD_MOCK_TEST_ALPHA / Mock 5 H1 / Brad Training Mock Test / March,5,March,0
1PebAazD2NB3mzEgRA5X8S-SlZ7QRQq0i,Drive / 2026 Brad Training / BRAD_MOCK_TEST_ALPHA / Mock 5 H1 / Brad Training Mock Test / March,5,March,0
1jcAUvdjtJJ97l78cAEw8MssYcHHOSS80,Drive / 2026 Brad Training / BRAD_MOCK_TEST_ALPHA / Mock 5 H1 / Brad Training Mock Test / March,5,March,0
1NAFYl1DWPV7J1h9DL2KgMt0SgoDtCivQ,Drive / 2026 Brad Training / BRAD_MOCK_TEST_ALPHA / Mock 5 H1 / Brad Training Mock Test / March,5,March,0
1MoMCvDtqjHjZ637DOjuTdnnmyV0dF4G-,Drive / 2026 Brad Training / BRAD_MOCK_TEST_ALPHA / Mock 5 H1 / Brad Training Mock Test / February,5,February,0
1E_CNY5wUMIXBmNwkIpGvgVp3r_Zt2ti9,Drive / 2026 Brad Training / BRAD_MOCK_TEST_ALPHA / Mock 5 H1 / Brad Training Mock Test / February,5,February,0
1cr5EYEvA2SI_weCk0kFuR9hd21wFEl1F,Drive / 2026 Brad Training / BRAD_MOCK_TEST_ALPHA / Mock 5 H1 / Brad Training Mock Test / February,5,February,0
124VcL0_BPT4c1tbBBwq_ih8bQ01PU4nY,Drive / 2026 Brad Training / BRAD_MOCK_TEST_ALPHA / Mock 5 H1 / Brad Training Mock Test / February,5,February,0
1Z6YmYKQsNSBeSlPybfMw3lIsfOqzo_w0,Drive / 2026 Brad Training / BRAD_MOCK_TEST_ALPHA / Mock 5 H1 / Brad Training Mock Test / February,5,February,0
1AcRaa_mOQKA-HN6WeuPc9MdF8vD1NZPl,Drive / 2026 Brad Training / BRAD_MOCK_TEST_ALPHA / Mock 5 H1 / Brad Training Mock Test / January,5,January,0
1XdzUxoQ-3zpUotiYOy6jhDg2bePtYPBd,Drive / 2026 Brad Training / BRAD_MOCK_TEST_ALPHA / policy_review_annual-20260624-01 / policy_review_annual-20260624-01-01 / EN-FM-008,5,EN-FM-008,0
1jA7Mdb3Z2rK1pz22G4ZSytwmAR8AEq18,Drive / 2026 Brad Training / BRAD_MOCK_TEST_ALPHA / qapi_meeting-20260609-10 / qapi-feed / gb-summary-package,5,gb-summary-package,0
1AP98mPSoxr5FnSPlSYibdTpZPhY7VsLK,Drive / 2026 Brad Training / BRAD_MOCK_TEST_ALPHA / qapi_meeting-20260609-10 / qapi-minutes / QA-FM-001,5,QA-FM-001,0
1isD385NbY846UNPkjKoZkI58zUwnkxOY,Drive / 2026 Brad Training / BRAD_MOCK_TEST_ALPHA / qapi_meeting-20260609-10 / qapi-minutes / qapi-meeting-minutes,5,qapi-meeting-minutes,0
14Gd7Xw2f91DaFAda62ODwKNQgHm64MFM,Drive / 2026 Brad Training / BRAD_MOCK_TEST_ALPHA / qapi_meeting-20260609-10 / qapi-data / active-pip-status,5,active-pip-status,0
1sURYXL_qwyBowp3M1T9wgbg1GqjeA5Yo,Drive / 2026 Brad Training / BRAD_MOCK_TEST_ALPHA / qapi_meeting-20260609-10 / qapi-data / qapi-metrics-report,5,qapi-metrics-report,0
1iHG45D8cU0LxxHFPc9zo2JPEr8_hDS-h,Drive / 2026 Brad Training / BRAD_MOCK_TEST_ALPHA / qapi_meeting-20260609-10 / qapi-packet / qapi-agenda,5,qapi-agenda,0
